Date,Trips over the past 24-hours (midnight to 11:59pm),Cumulative trips (since launch):,Miles traveled today (midnight to 11:59 pm),Miles traveled to date:,Total Annual Members,Annual Member Sign-Ups (midnight to 11:59 pm),24-Hour Passes Purchased (midnight to 11:59 pm),7-Day Passes Purchased (midnight to 11:59 pm),3-Day Passes Purchased (midnight to 11:59 pm)
5/27/2013,9767,9767,21533,21533,17216,2043,0,0,
5/28/2013,5215,14982,8780,30313,19816,2598,0,0,
5/29/2013,10981,25963,21898,52211,21986,2167,0,0,
5/30/2013,9850,35813,20321,72532,23985,1998,0,0,
5/31/2013,9253,45066,20243,92775,25615,1630,0,0,
6/1/2013,9852,54918,26347,119122,26756,1141,0,0,
6/2/2013,17590,72508,52143,171266,28253,1496,4723,289,
6/3/2013,8599,81107,18907,190173,29616,1363,1160,221,
6/4/2013,17589,98696,48666,238839,31095,1479,2922,394,
6/5/2013,17433,116129,44917,283757,32620,1530,2821,279,
6/6/2013,13732,129861,30987,314743,33954,1334,1872,210,
6/7/2013,1393,131254,2065,316809,34449,495,66,11,
6/8/2013,19899,151153,54665,371473,35233,784,5013,230,
6/9/2013,23236,174389,71604,443077,36295,1062,5772,275,
6/10/2013,4504,178893,10138,453215,37086,791,290,82,
6/11/2013,14638,193531,3463,487845,37894,808,1836,273,
6/12/2013,18960,212491,45714,533559,38805,911,2767,316,
6/13/2013,8782,221273,15075,548634,39442,637,701,119,
6/14/2013,16423,237696,3398,582614,40078,636,2268,211,
6/15/2013,27276,264972,72792,655406,40702,624,6107,319,
6/16/2013,23610,288582,59573,714979,41541,839,4413,314,
6/17/2013,21278,309860,43897,758876,42564,1023,2378,530,
6/18/2013,14826,324686,2767,786546,43394,830,1236,277,
6/19/2013,26267,350953,54405,840951,44223,829,2678,607,
6/20/2013,28994,379947,59935,900886,45024,801,2814,421,
6/21/2013,30660,410607,64872,965759,45815,791,3465,408,
6/22/2013,31885,442492,80433,1046191,46448,633,5902,383,
6/23/2013,30653,473145,76450,1122641,47203,755,4959,279,
6/24/2013,26636,499781,50664,1173305,48135,932,1844,386,
6/25/2013,30426,530207,56075,1229380,48915,780,1937,343,
6/26/2013,32322,562529,59663,1289043,49665,750,2000,301,
6/27/2013,28094,590623,55261,1344304,50355,690,1680,223,
6/28/2013,30595,621218,58037,1402340,51029,674,2268,291,
6/29/2013,32947,654165,77226,1479567,51505,476,4895,296,
6/30/2013,27285,681450,61052,1540619,52125,620,3592,178,
7/1/2013,20151,701601,36168,1576787,52722,597,846,167,
7/2/2013,26682,728283,48733,1625520,53310,588,1435,219,
7/3/2013,25509,753792,46016,1671537,53748,438,1419,189,
7/4/2013,26004,779796,63674,1735210,54073,325,4219,257,
7/5/2013,25541,805337,53419,1788629,54507,434,2803,215,
7/6/2013,23697,829034,53761,1842391,54843,336,3178,172,
7/7/2013,23688,852722,50634,1893025,55284,441,2703,186,
7/8/2013,26063,878785,49831,1942856,55971,687,1453,321,
7/9/2013,30929,909714,55499,1998355,56610,639,1379,287,
7/10/2013,30705,940419,55948,2054304,57194,584,1435,223,
7/11/2013,29689,970108,56393,2110697,57725,531,1478,196,
7/12/2013,22817,992925,39970,2150667,58133,408,1096,118,
7/13/2013,30132,1023057,64833,2215501,58495,362,3285,213,
7/14/2013,33545,1056602,75020,2290520,58954,459,3681,224,
7/15/2013,32565,1089167,57755,2348275,59593,639,1382,273,
7/16/2013,34757,1123924,61856,2410132,60129,536,1288,251,
7/17/2013,35172,1159096,60698,2470829,60619,490,1303,201,
7/18/2013,33222,1192318,56228,2527057,61008,389,1094,143,
7/19/2013,30667,1222985,52784,2579841,61366,358,1389,164,
7/20/2013,29145,1252130,58799,2638640,61652,286,2811,169,
7/21/2013,34694,1286824,76310,2714950,62074,422,3502,191,
7/22/2013,29787,1316611,50145,2765095,62577,503,1005,184,
7/23/2013,37296,1353907,65911,2831006,63026,449,1390,220,
7/24/2013,40699,1394606,74469,2905475,63466,440,1708,211,
7/25/2013,36207,1430813,62188,2967663,63822,356,1163,144,
7/26/2013,39499,1470312,72710,3040373,64182,360,2073,176,
7/27/2013,37131,1507443,82270,3122643,64495,313,4259,197,
7/28/2013,26780,1534223,53562,3176204,64884,389,2391,137,
7/29/2013,40018,1574241,73425,3249630,65381,497,1712,275,
7/30/2013,42982,1617223,77917,3327547,65855,474,1701,237,
7/31/2013,42745,1659968,76982,3404528,66310,455,1692,186,
8/1/2013,23025,1682993,34794,3439323,66644,334,415,73,
8/2/2013,40654,1723647,75930,3514713,67027,383,2302,230,
8/3/2013,34173,1757820,73300,3588013,67293,266,3417,180,
8/4/2013,40103,1797923,93191,3681204,67685,392,4547,261,
8/5/2013,41759,1839682,78764,3759968,68242,557,1924,276,
8/6/2013,42974,1882656,79262,3839230,68744,502,1778,222,
8/7/2013,39120,1921776,66709,3905939,69137,393,1261,183,
8/8/2013,32063,1953839,51665,3957604,69436,299,946,137,
8/9/2013,32926,1986765,54962,4012556,69722,286,1269,134,
8/10/2013,43368,2030133,103744,4116300,69996,274,5567,223,
8/11/2013,37161,2067294,83004,4199304,70368,372,3826,234,
8/12/2013,35646,2102940,62896,4262200,70799,431,1314,257,
8/13/2013,25569,2128509,44374,4306574,71121,322,787,111,
8/14/2013,43437,2171946,78481,4385055,71481,360,1727,219,
8/15/2013,42922,2214868,76299,4461354,71862,381,1733,179,
8/16/2013,41251,2256119,77044,4538398,72207,345,2085,170,
8/17/2013,44284,2300403,104290,4642688,72471,264,5729,217,
8/18/2013,31512,2331915,62738,4705426,72846,375,2524,160,
8/19/2013,37922,2369837,65704,4771130,73299,453,1395,236,
8/20/2013,41155,2410992,72967,4843827,73703,404,1491,233,
8/21/2013,41718,2452710,73168,4917024,74080,377,1365,176,
8/22/2013,30747,2483457,51255,4968280,74400,320,787,128,
8/23/2013,38716,2522173,72175,5040455,74713,313,1965,157,
8/24/2013,38049,2560222,81052,5121507,75012,299,3933,194,
8/25/2013,36641,2596863,80733,5202240,75372,360,3626,199,
8/26/2013,34812,2631675,61473,5263713,75756,384,1098,190,
8/27/2013,39258,2670933,67086,5330798,76123,367,1222,188,
8/28/2013,32262,2703195,53456,5384254,76402,279,765,102,
8/29/2013,38626,2741821,65917,5450171,76669,267,1363,141,
8/30/2013,36870,2778691,67249,5517420,76922,253,1872,165,
8/31/2013,28547,2807238,60049,5577469,77133,211,3064,174,
9/1/2013,28330,2835568,61096,5638565,77331,198,3273,148,
9/2/2013,24094,2859662,46060,5684625,77609,278,1829,121,
9/3/2013,36963,2896625,62807,5747431,77997,388,1015,157,
9/4/2013,42085,2938710,73701,5821132,78388,391,1263,176,
9/5/2013,40817,2979527,70544,5891676,78726,338,1354,185,
9/6/2013,40930,3020457,72124,5963800,79010,284,1556,155,
9/7/2013,38950,3059407,80081,6043881,79273,263,3600,200,
9/8/2013,37536,3096943,76326,6120207,79649,376,3025,182,
9/9/2013,40539,3137482,70713,6190920,80049,400,1060,203,
9/10/2013,42038,3179520,71115,6262034,80350,301,986,182,
9/11/2013,40533,3220053,67437,6329471,80645,295,1046,147,
9/12/2013,35065,3255118,56447,6385918,80910,265,756,126,
9/13/2013,41200,3296318,70849,6456767,81164,254,1375,145,
9/14/2013,35363,3331681,69181,6525948,81370,206,3035,153,
9/15/2013,35843,3367524,72551,6598498,81650,280,3010,167,
9/16/2013,35106,3402630,56195,6654693,81970,320,781,149,
9/17/2013,43117,3445747,70847,6725540,82207,237,971,170,
9/18/2013,42936,3488683,71355,6796896,82480,273,1078,152,
9/19/2013,43920,3532603,73659,6870554,82735,255,1209,154,
9/20/2013,43895,3576498,75094,6945648,82959,224,1631,156,
9/21/2013,35348,3611846,70321,7015969,83161,202,3096,132,
9/22/2013,33105,3644951,64758,7080726,83412,251,2479,136,
9/23/2013,38963,3683914,64157,7144883,83689,276,1006,171,
9/24/2013,42954,3726868,70402,7215286,83922,233,1158,153,
9/25/2013,42639,3769507,70500,7285786,84130,208,966,133,
9/26/2013,42247,3811754,68646,7354431,84305,175,973,117,
9/27/2013,41368,3853122,68977,7423409,84519,213,1321,137,
9/28/2013,38939,3892061,78400,7501809,84712,193,3452,126,
9/29/2013,36040,3928101,70652,7572461,84913,201,2718,161,
9/30/2013,41079,3969180,67168,7639629,85236,323,1023,140,
10/1/2013,44772,4013952,73665,7713294,85494,258,1004,,
10/2/2013,45667,4059619,76149,7789442,85773,279,1129,,
10/3/2013,44472,4104091,72635,7862077,86333,560,1076,,
10/4/2013,44089,4148180,74223,7936300,87112,779,1434,,
10/5/2013,37683,4185863,73892,8010192,87862,750,2971,,
10/6/2013,29029,4214892,49887,8060079,88604,742,1368,,
10/7/2013,27504,4242396,40324,8100403,89189,585,421,,
10/8/2013,42200,4284596,69116,8169518,89521,332,896,,
10/9/2013,40607,4325203,62214,8231732,89769,248,714,,
10/10/2013,34107,4359310,49732,8281464,89951,182,482,,
10/11/2013,36381,4395691,56497,8337961,90121,170,798,,
10/12/2013,35480,4431171,69841,8407802,90301,180,2855,,
10/13/2013,31501,4462672,59556,8467357,90522,221,2208,,
10/14/2013,36186,4498858,60261,8527618,90770,248,1291,,
10/15/2013,41459,4540317,66625,8594243,90977,207,934,,
10/16/2013,40644,4580961,64115,8658358,91171,194,789,,
10/17/2013,40363,4621324,63927,8722285,91343,172,815,,
10/18/2013,41775,4663099,69165,8791450,91551,208,1267,,
10/19/2013,32469,4695568,59523,8850973,91659,108,2146,,
10/20/2013,32016,4727584,60670,8911643,91815,156,2114,,
10/21/2013,38348,4765932,62216,8973859,92029,214,849,,
10/22/2013,39741,4805673,60424,9034282,92213,184,636,,
10/23/2013,35358,4841031,50319,9084602,92324,111,355,,
10/24/2013,35238,4876269,50610,9135212,92410,86,444,,
10/25/2013,33711,4909980,50109,9185320,92505,95,592,,
10/26/2013,26653,4936633,45372,9230693,92598,93,1387,,
10/27/2013,25980,4962613,44415,9275108,92698,100,1362,,
10/28/2013,34298,4996911,52643,9327752,92844,146,530,,
10/29/2013,36280,5033191,53765,9381516,92944,100,450,,
10/30/2013,37817,5071008,54940,9436457,93035,91,453,,
10/31/2013,33991,5104999,51283,9487740,93137,102,464,,
11/1/2013,33193,5138192,52035,9539774,93221,84,848,,
11/2/2013,33688,5171880,64833,9604607,93320,94,2434,,
11/3/2013,22414,5194294,34853,9639461,93424,104,831,,
11/4/2013,29474,5223768,42802,9682263,93495,71,429,,
11/5/2013,34179,5257947,49677,9731940,93598,103,471,,
11/6/2013,37785,5295732,58125,9790064,93706,108,627,,
11/7/2013,27849,5323581,38518,9828583,93804,93,221,,
11/8/2013,31032,5354613,45872,9874455,93859,61,456,,
11/9/2013,23522,5378135,39116,9913570,93918,59,1121,,
11/10/2013,21270,5399405,33486,9947057,93969,51,952,,
11/11/2013,29544,5428949,43,9990076,94061,92,438,,
11/12/2013,21505,5450454,27480,10017556,94127,66,111,,
11/13/2013,25504,5475958,33933,10051489,94189,62,157,,
11/14/2013,29194,5505152,40663,10092152,94250,61,274,,
11/15/2013,31526,5536678,47207,10139359,94305,55,601,,
11/16/2013,27208,5563886,48100,10187459,94361,56,1696,,
11/17/2013,19397,5583283,29366,10216825,94425,64,652,,
11/18/2013,33718,5617001,52401,10269226,94533,108,515,,
11/19/2013,29633,5646634,40023,10309249,94593,60,198,,
11/20/2013,28286,5674920,37925,10347174,94652,59,252,,
11/21/2013,31089,5706009,43428,10390602,94697,51,289,,
11/22/2013,27503,5733512,3876,10429362,94739,42,352,,
11/23/2013,20396,5753908,31638,10461001,94768,29,858,,
11/24/2013,10069,5763977,12248,10473249,94808,40,137,,
11/25/2013,20649,5784626,26562,10499811,94843,35,118,,
11/26/2013,16206,5800832,20283,10520094,94873,30,89,,
11/27/2013,8615,5809447,10329,10530423,94897,24,49,,
11/28/2013,5668,5815115,8377,10538800,94912,15,211,,
11/29/2013,10967,5826082,15406,10554207,94928,16,351,,
11/30/2013,10605,5836687,15508,10569715,94955,27,401,,
12/1/2013,14322,5851009,21121,10590837,94997,42,456,,
12/2/2013,26522,5877531,37728,10628564,95071,74,240,,
12/3/2013,29766,5907297,42165,10670729,95140,69,252,,
12/4/2013,30472,5937769,43920,10714650,95197,57,252,,
12/5/2013,29222,5966991,41990,10756639,95250,53,311,,
12/6/2013,11626,5978617,14674,10771314,95296,46,62,,
12/7/2013,16868,5995485,24381,10795695,95334,38,456,,
12/8/2013,10892,6006377,14170,10809865,95354,20,180,,
12/9/2013,16192,6022569,20537,10830402,95401,35,58,,
12/10/2013,13947,6036516,17766,10848168,95418,34,39,,
12/11/2013,20369,6056885,25839,10874007,95444,26,93,,
12/12/2013,18552,6075437,23242,10897249,95479,35,69,,
12/13/2013,19381,6094818,25662,10922911,95507,28,161,,
12/14/2013,3983,6098801,5072,10927983,95516,9,39,,
12/15/2013,8127,6106928,10192,10938175,95535,19,76,,
12/16/2013,16842,6123770,21353,10959528,95568,33,67,,
12/17/2013,8552,6132322,11009,10970536,95596,28,15,,
12/18/2013,16246,6148568,21251,10991787,95628,32,89,,
12/19/2013,20309,6168877,26954,11018742,95662,34,157,,
12/20/2013,23849,6192726,33510,11052252,95687,25,365,,
12/21/2013,19362,6212088,32360,11084612,95723,36,962,,
12/22/2013,16338,6228426,26291,11110903,95765,42,741,,
12/23/2013,7516,6235942,9406,11120309,95793,28,70,,
12/24/2013,11971,6247913,15563,11135872,95823,30,175,,
12/25/2013,3523,6251436,5458,11141330,95869,46,184,,
12/26/2013,10570,6262006,13556,11154886,95920,51,134,,
12/27/2013,12649,6274655,17629,11172515,95969,49,279,,
12/28/2013,12867,6287522,21988,11194503,96005,36,821,,
12/29/2013,4070,6291592,4986,11199489,96032,27,104,,
12/30/2013,14222,6305814,19982,11219471,96084,52,336,,
12/31/2013,11349,6317163,14856,11234326,96125,41,237,,
1/1/2014,6559,6323722,9254,11243581,95971,29,268,10,
1/2/2014,9334,6333056,11736,11255317,96000,42,66,3,
1/3/2014,1288,6334344,1855,11257172,96042,23,1,1,
1/4/2014,2494,6336838,3706,11260878,96065,19,14,1,
1/5/2014,2937,6339775,3720,11264598,96084,18,17,4,
1/6/2014,10481,6350256,13016,11277613,96102,22,30,7,
1/7/2014,7144,6357400,8201,11285814,96124,28,5,4,
1/8/2014,10162,6367562,11768,11297582,96152,19,28,4,
1/9/2014,14571,6382133,18401,11315983,96171,18,74,10,
1/10/2014,10685,6392818,13433,11329416,96189,36,49,5,
1/11/2014,8333,6401151,10735,11340151,96225,22,101,16,
1/12/2014,13549,6414700,19141,11359291,96247,29,350,22,
1/13/2014,22377,6437077,30829,11390121,96276,72,224,31,
1/14/2014,10849,6447926,13271,11403392,96348,43,45,4,
1/15/2014,23500,6471426,32303,11435695,96391,62,241,30,
1/16/2014,21528,6492954,28807,11464502,96453,56,208,37,
1/17/2014,21840,6514794,30773,11495275,96509,67,282,34,
1/18/2014,10222,6525016,14596,11509870,96576,40,176,15,
1/19/2014,9768,6534784,13591,11523461,96616,38,194,13,
1/20/2014,14581,6549365,20103,11543564,96654,47,133,11,
1/21/2014,4171,6553536,5429,11548993,96701,32,5,1,
1/22/2014,2762,6556298,4061,11553054,96733,8,4,3,
1/23/2014,5743,6562041,8336,11561390,96741,16,9,1,
1/24/2014,6901,6568942,9375,11570765,96757,13,15,6,
1/25/2014,4716,6573658,6004,11576770,96770,14,34,0,
1/26/2014,5462,6579120,6691,11583461,96784,20,37,6,
1/27/2014,14304,6593424,18127,11601588,96804,26,55,18,
1/28/2014,11066,6604490,13722,11615310,96830,22,18,7,
1/29/2014,10838,6615328,13394,11628704,96852,33,21,6,
1/30/2014,13198,6628526,16914,11645618,96885,27,42,7,
1/31/2014,15886,6644412,21541,11667159,96912,23,130,10,
2/1/2014,13797,6658209,20707,11687866,96935,23,349,29,
2/2/2014,15009,6673218,22915,11710781,96958,40,449,10,
2/3/2014,2839,6676057,3635,11714416,96998,27,4,2,
2/4/2014,9551,6685608,12708,11727124,97025,21,37,2,
2/5/2014,3076,6688684,4603,11731727,97046,15,8,1,
2/6/2014,8227,6696911,12641,11744368,97061,21,25,9,
2/7/2014,9473,6706384,14206,11758574,97082,12,36,5,
2/8/2014,6640,6713024,9563,11768137,97094,15,71,1,
2/9/2014,5527,6718551,7806,11775942,97109,19,47,6,
2/10/2014,7643,6726194,10867,11786809,97128,26,16,3,
2/11/2014,9258,6735452,12570,11799379,97154,20,22,4,
2/12/2014,9531,6744983,12691,11812070,97174,10,24,3,
2/13/2014,978,6745961,1725,11813795,97184,7,3,1,
2/14/2014,4029,6749990,6586,11820381,97191,14,16,8,
2/15/2014,2512,6752502,3834,11824215,97205,16,23,2,
2/16/2014,3362,6755864,5063,11829278,97221,12,34,2,
2/17/2014,5433,6761297,8226,11837504,97233,10,40,10,
2/18/2014,5727,6767024,8393,11845896,97243,19,19,2,
2/19/2014,9485,6776509,14086,11859983,97262,18,45,6,
2/20/2014,12971,6789480,18707,11878690,97280,27,103,11,
2/21/2014,9545,6799025,12423,11891113,97307,34,59,8,
2/22/2014,14261,6813286,25945,11917058,97341,38,730,31,
2/23/2014,14567,6827853,25298,11942356,97379,56,666,35,
2/24/2014,14119,6841972,19238,11961594,97435,76,79,10,
2/25/2014,14003,6855975,17699,11979293,97511,45,50,14,
2/26/2014,12168,6868143,15039,11994332,97556,28,35,7,
2/27/2014,13138,6881281,16042,12010374,97584,28,54,10,
2/28/2014,10483,6891764,13017,12023391,97612,38,46,12,
3/1/2014,9944,6901708,14364,12037756,97650,37,255,11,
3/2/2014,9017,6910725,12288,12050044,97687,40,196,12,
3/3/2014,8618,6919343,12020,12062064,97727,41,44,3,
3/4/2014,11494,6930837,14473,12076537,97768,39,36,11,
3/5/2014,14934,6945771,19147,12095684,97807,62,90,13,
3/6/2014,13758,6959529,17120,12112804,97869,38,50,7,
3/7/2014,14736,6974265,19809,12132613,97907,63,108,10,
3/8/2014,18119,6992384,34814,12167427,97970,82,1211,46,
3/9/2014,13300,7005684,20468,12187894,98052,94,496,32,
3/10/2014,18844,7024528,25777,12213671,98146,115,206,30,
3/11/2014,26436,7050964,41688,12255359,98261,187,574,66,
3/12/2014,16273,7067237,21803,12277162,98448,124,153,21,
3/13/2014,12164,7079401,15663,12292825,98572,67,55,7,
3/14/2014,17745,7097146,23539,12316364,98639,77,209,14,
3/15/2014,19664,7116810,35302,12351665,98716,111,1316,54,
3/16/2014,10740,7127550,16054,12367720,98827,77,274,31,
3/17/2014,13681,7141231,17722,12385442,98904,91,106,19,
3/18/2014,18046,7159277,24985,12410427,98995,87,181,30,
3/19/2014,14387,7173664,19079,12429506,99082,78,87,19,
3/20/2014,21299,7194963,31018,12460523,99160,120,292,36,
3/21/2014,22266,7217229,33189,12493712,99280,149,386,26,
3/22/2014,21671,7238900,42206,12535919,99429,134,1525,55,
3/23/2014,12846,7251746,19105,12555024,99563,115,451,19,
3/24/2014,14729,7266475,18838,12573862,99678,84,105,20,
3/25/2014,17388,7283863,22135,12595997,99762,79,108,19,
3/26/2014,15538,7299401,19368,12615365,99841,72,91,16,
3/27/2014,18166,7317567,25302,12640668,99913,78,164,17,
3/28/2014,20025,7337592,29858,12670526,99991,81,255,29,
3/29/2014,4870,7342462,6546,12677072,100072,55,142,0,
3/30/2014,8645,7351107,13365,12690437,100127,93,209,15,
3/31/2014,18686,7369793,26780,12717217,100220,117,276,47,
4/1/2014,26163,7395956,40978,12758196,100337,174,475,67,
4/2/2014,24299,7420255,35540,12793736,100511,118,237,33,
4/3/2014,28379,7448634,44649,12838385,100629,171,596,63,
4/4/2014,13593,7462227,17645,12856030,100800,92,103,10,
4/5/2014,20333,7482560,36797,12892827,100892,127,1221,42,
4/6/2014,22643,7505203,45575,12938402,101019,165,1641,62,
4/7/2014,15869,7521072,21900,12960303,101184,131,159,36,
4/8/2014,23636,7544708,34850,12995153,101315,126,369,44,
4/9/2014,29194,7573902,45619,13040772,101441,201,447,57,
4/10/2014,29722,7603624,46023,13086794,101642,172,525,65,
4/11/2014,29283,7632907,49269,13136064,101814,140,632,83,
4/12/2014,29773,7662680,63649,13199713,101954,175,2710,89,
4/13/2014,29521,7692201,65746,13265459,102129,228,2411,109,
4/14/2014,31732,7723933,57307,13322766,102357,266,993,114,
4/15/2014,11370,7735303,14639,13337404,102623,128,73,19,
4/16/2014,21713,7757016,31427,13368832,102751,132,279,50,
4/17/2014,24190,7781206,36642,13405474,102883,113,470,53,
4/18/2014,22409,7803615,33846,13439319,102996,98,628,60,
4/19/2014,26541,7830156,59461,13498781,103094,118,2666,99,
4/20/2014,20122,7850278,40814,13539595,103212,154,1639,84,
4/21/2014,29618,7879896,50570,13590165,103366,276,839,105,
4/22/2014,29580,7909476,45813,13635978,103642,169,560,58,
4/23/2014,29341,7938817,44266,13680243,103811,173,358,68,
4/24/2014,30515,7969332,48329,13728573,103984,160,646,95,
4/25/2014,30299,7999631,49915,13778488,104144,126,767,56,
4/26/2014,21785,8021416,42759,13821247,104270,118,1720,57,
4/27/2014,24093,8045509,46188,13867436,104388,156,1616,84,
4/28/2014,31279,8076788,51168,13918604,104544,176,744,94,
4/29/2014,20003,8096791,26840,13945444,104720,120,160,24,
4/30/2014,3093,8099884,3572,13949016,104840,63,15,0,
5/1/2014,29448,8129332,51320,14000335,104903,138,780,94,
5/2/2014,35590,8164922,60514,14060849,105041,192,1192,144,
5/3/2014,28254,8193176,61950,14122799,105233,152,2440,150,
5/4/2014,23450,8216626,43926,14166724,105385,159,1479,77,
5/5/2014,33706,8250332,58904,14225628,105544,219,842,127,
5/6/2014,35977,8286309,62455,14288083,105763,197,836,100,
5/7/2014,36210,8322519,58617,14346700,105960,195,799,91,
5/8/2014,19518,8342037,28900,14375600,106155,105,303,20,
5/9/2014,24990,8367027,37118,14412718,106260,111,537,59,
5/10/2014,24179,8391206,44945,14457663,106371,133,1617,74,
5/11/2014,31551,8422757,71587,14529250,106504,161,2768,145,
5/12/2014,35209,8457966,61465,14590714,106665,246,935,124,
5/13/2014,36281,8494247,59204,14649918,106911,204,737,125,
5/14/2014,33087,8527334,52063,14701982,107115,164,586,75,
5/15/2014,28847,8556181,45347,14747329,107279,129,566,76,
5/16/2014,19561,8575742,27664,14774993,107408,114,218,22,
5/17/2014,33141,8608883,71372,14846365,107522,130,2968,141,
5/18/2014,30026,8638909,61977,14908341,107652,154,2476,124,
5/19/2014,34763,8673672,56666,14965008,107806,226,914,124,
5/20/2014,38928,8712600,66578,15031586,108032,194,1145,141,
5/21/2014,37493,8750093,61069,15092655,108226,146,897,115,
5/22/2014,26753,8776846,39650,15132305,108372,121,470,40,
5/23/2014,26895,8803741,42128,15174433,108493,108,793,84,
5/24/2014,18503,8822244,35805,15210238,108601,109,1532,105,
5/25/2014,28266,8850510,68798,15279036,108710,115,3535,144,
5/26/2014,29819,8880329,70712,15349748,108825,169,3095,143,
5/27/2014,36165,8916494,63451,15413199,108994,253,1196,162,
5/28/2014,32666,8949160,49670,15462869,109247,164,533,79,
5/29/2014,37184,8986344,60222,15523091,109411,144,930,108,
5/30/2014,37875,9024219,65240,15588331,109555,167,1191,118,
5/31/2014,30659,9054878,61976,15650307,109722,139,2305,129,
6/1/2014,34597,9089475,75594,15725901,109861,212,2912,168,
6/2/2014,38143,9127618,68186,15794087,110073,277,1099,150,
6/3/2014,32504,9160122,52767,15846854,110350,238,702,119,
6/4/2014,39747,9199869,66953,15913807,110588,170,950,135,
6/5/2014,27165,9227034,44714,15958521,110758,146,692,81,
6/6/2014,41291,9268325,72887,16031408,110904,164,1668,128,
6/7/2014,34417,9302742,74549,16105957,111068,116,2888,165,
6/8/2014,33432,9336174,73196,16179153,111184,162,2704,117,
6/9/2014,20545,9356719,32252,16211405,111346,127,394,43,
6/10/2014,36959,9393678,59916,16271321,111473,167,783,117,
6/11/2014,33809,9427487,55193,16326514,111640,121,691,105,
6/12/2014,32186,9459673,49272,16375786,111761,134,644,78,
6/13/2014,20236,9479909,31146,16406932,111895,106,565,40,
6/14/2014,31432,9511341,63830,16470762,112001,106,2442,129,
6/15/2014,31029,9542370,65140,16535902,112107,142,2397,136,
6/16/2014,38568,9580938,66964,16602866,112249,200,1080,153,
6/17/2014,38963,9619901,66789,16669655,112449,173,978,124,
6/18/2014,38984,9658885,64305,16733960,112622,161,905,139,
6/19/2014,35327,9694212,58660,16792620,112783,113,812,92,
6/20/2014,38827,9733039,78661,16871281,112896,164,1439,117,
6/21/2014,33325,9766364,69714,16940995,113060,94,2951,149,
6/22/2014,32300,9798664,65036,17006031,113154,135,2532,107,
6/23/2014,36342,9835006,61529,17067560,113289,193,1024,167,
6/24/2014,39886,9874892,66604,17134164,113482,173,939,136,
6/25/2014,38035,9912927,60763,17194927,113655,129,868,137,
6/26/2014,38610,9951537,63768,17258695,113784,121,1051,109,
6/27/2014,39697,9991234,70902,17329597,113905,115,1573,147,
6/28/2014,31684,10022918,65075,17394672,114020,122,2679,125,
6/29/2014,30784,10053702,64706,17459378,114142,118,2450,125,
6/30/2014,36854,10090556,61917,17521295,114260,174,1044,120,
7/1/2014,37970,10128526,61170,17582465,114434,126,955,120,
7/2/2014,28765,10157291,44192,17626657,114560,160,688,92,
7/3/2014,30078,10187369,48573,17675230,114720,124,819,88,
7/4/2014,14850,10202219,27905,17703135,114844,48,1196,77,
7/5/2014,25116,10227335,55725,17758860,114892,86,2566,127,
7/6/2014,26615,10253950,65358,17824218,114978,114,2392,111,
7/7/2014,35075,10289025,59834,17884052,115092,195,905,160,
7/8/2014,35734,10324759,57828,17941880,115287,171,740,120,
7/9/2014,37588,10362347,60912,18002792,115446,159,879,127,
7/10/2014,39779,10402126,66239,18069031,115605,159,1052,115,
7/11/2014,38416,10440542,65516,18134547,115711,106,1339,93,
7/12/2014,31413,10471955,63664,18198211,115810,99,2697,115,
7/13/2014,27089,10499044,50105,18248316,115914,104,1713,91,
7/14/2014,28173,10527217,43222,18291538,116026,112,637,93,
7/15/2014,24993,10552210,37092,18328630,116142,116,410,58,
7/16/2014,38610,10590820,63616,18392246,116245,103,959,116,
7/17/2014,41996,10632816,70061,18462307,116361,116,1114,110,
7/18/2014,39526,10672342,69416,18531723,116472,111,1502,148,
7/19/2014,31943,10704285,64395,18596118,116551,79,2796,130,
7/20/2014,33156,10737441,68542,18664660,116669,118,2767,146,
7/21/2014,38963,10776404,64824,18729484,116812,143,1162,129,
7/22/2014,40450,10816854,67081,18796565,116969,157,992,127,
7/23/2014,37508,10854362,59956,18856521,117090,121,816,126,
7/24/2014,40419,10894781,67584,18924105,117229,139,1064,109,
7/25/2014,39768,10934549,68652,18992757,117340,111,1457,105,
7/26/2014,29882,10964431,59645,19052402,117427,87,2428,92,
7/27/2014,29669,10994100,58193,19110595,117530,103,2108,115,
7/28/2014,36360,11030460,59567,19170162,117703,173,877,150,
7/29/2014,41198,11071658,68064,19238226,117930,227,1089,128,
7/30/2014,41207,11112865,68127,19306353,118075,145,1116,99,
7/31/2014,39282,11152147,65414,19371767,118204,129,1065,113,
8/1/2014,35829,11187976,59202,19430969,118314,110,1192,93,
8/2/2014,30013,11217989,60544,19490171,118408,94,2540,127,
8/3/2014,27854,11245843,55867,19546038,118555,147,2146,96,
8/4/2014,37408,11283251,63737,19609775,118704,149,1097,165,
8/5/2014,38168,11321419,63957,19673732,118830,126,1059,119,
8/6/2014,39942,11361361,66342,19740074,118938,108,1067,144,
8/7/2014,39933,11401294,67398,19807472,119047,109,1083,129,
8/8/2014,37367,11438661,64330,19871802,119137,90,1342,111,
8/9/2014,35701,11474362,81003,19952805,119244,107,3814,151,
8/10/2014,29339,11503701,61287,20014092,119351,107,2303,131,
8/11/2014,36837,11540538,61708,20075800,119495,144,1167,132,
8/12/2014,28591,11569129,41880,20117680,119584,89,526,90,
8/13/2014,30698,11599827,49367,20167047,119693,109,661,98,
8/14/2014,38863,11638690,67924,20234971,119789,96,1069,128,
8/15/2014,35524,11674214,60015,20294986,119869,80,1198,117,
8/16/2014,36127,11710341,83272,20378258,119962,93,4217,155,
8/17/2014,30223,11740564,61390,20439648,120069,107,2344,121,
8/18/2014,37851,11778415,64873,20504521,120227,158,1156,157,
8/19/2014,38912,11817327,65883,20570404,120356,129,965,140,
8/20/2014,39090,11856417,66900,20637304,120470,114,1057,110,
8/21/2014,36917,11893334,62373,20699677,120598,128,960,107,
8/22/2014,33147,11926481,54765,20754442,120688,90,863,81,
8/23/2014,28956,11955437,57270,20811712,120769,81,2254,98,
8/24/2014,30422,11985859,65005,20876717,120884,115,2528,125,
8/25/2014,36244,12022103,60866,20937583,121050,166,1007,146,
8/26/2014,37937,12060040,62487,21000070,121157,107,937,124,
8/27/2014,36900,12096940,61488,21061558,121292,135,829,83,
8/28/2014,37055,12133995,62402,21123960,121423,131,982,83,
8/29/2014,34292,12168287,59371,21183331,121522,99,1329,109,
8/30/2014,25239,12193526,52782,21236113,121610,88,2442,99,
8/31/2014,20097,12213623,41594,21277707,121690,80,1952,89,
9/1/2014,26055,12239678,51270,21328977,121809,119,2083,105,
9/2/2014,34005,12273683,53842,21382819,121979,170,693,121,
9/3/2014,38998,12312681,62736,21445555,122124,145,789,148,
9/4/2014,40022,12352703,64563,21510118,122248,124,816,125,
9/5/2014,38325,12391028,64421,21574539,122356,108,1111,121,
9/6/2014,28290,12419318,51519,21626058,122438,82,1674,105,
9/7/2014,32524,12451842,65394,21691452,122555,117,2222,115,
9/8/2014,38091,12489933,60610,21752062,122697,142,818,118,
9/9/2014,38101,12528034,59026,21811088,122818,121,620,99,
9/10/2014,41634,12569668,69561,21880649,122915,97,981,104,
9/11/2014,40864,12610532,65798,21946447,123006,91,844,90,
9/12/2014,41341,12651873,75561,22022008,123111,105,1195,103,
9/13/2014,19110,12670983,31600,22053608,123192,81,842,67,
9/14/2014,31589,12702572,62963,22116571,123309,117,2290,117,
9/15/2014,39044,12741616,64983,22181554,123421,112,858,118,
9/16/2014,28285,12769901,43250,22224804,123521,100,484,61,
9/17/2014,41347,12811248,67758,22292562,123636,115,916,121,
9/18/2014,41145,12852393,67840,22360402,123718,82,887,115,
9/19/2014,38162,12890555,62500,22422902,123796,78,979,90,
9/20/2014,32951,12923506,64838,22487740,123850,54,2464,122,
9/21/2014,28530,12952036,54319,22542059,123926,76,1693,90,
9/22/2014,36624,12988660,59024,22601083,124044,118,748,84,
9/23/2014,40105,13028765,66590,22667673,124124,80,841,106,
9/24/2014,38976,13067741,62834,22730507,124230,106,719,100,
9/25/2014,18282,13086023,26019,22756526,124291,61,165,24,
9/26/2014,38394,13124417,66227,22822753,124376,85,1297,118,
9/27/2014,33322,13157739,69724,22892477,124433,57,2712,118,
9/28/2014,32080,13189819,64811,22957288,124532,99,2259,129,
9/29/2014,36896,13226715,59305,23016593,124645,113,689,114,
9/30/2014,39061,13265776,59970,23076563,124734,89,613,65,
10/1/2014,31197,13296973,44612,23121175,124846,112,330,48,
10/2/2014,38286,13335259,60639,23181814,124959,113,602,86,
10/3/2014,38956,13374215,65739,23247553,125024,65,1276,107,
10/4/2014,15088,13389303,24254,23271807,125058,34,617,26,
10/5/2014,26247,13415550,48930,23320737,125109,51,1470,90,
10/6/2014,35651,13451201,56380,23377117,125203,94,710,99,
10/7/2014,36931,13488132,58740,23435857,125262,59,593,81,
10/8/2014,37870,13526002,60594,23496451,125354,92,667,86,
10/9/2014,36427,13562429,57865,23554316,125407,53,709,71,
10/10/2014,34690,13597119,54690,23609006,125464,57,905,78,
10/11/2014,14805,13611924,23278,23632284,125487,23,528,34,
10/12/2014,26259,13638183,52781,23685064,125529,42,2083,80,
10/13/2014,25616,13663799,40275,23725339,125589,60,749,60,
10/14/2014,36529,13700328,61691,23787030,125651,62,869,101,
10/15/2014,31784,13732112,49319,23836349,125703,52,506,82,
10/16/2014,29845,13761957,47808,23884157,125763,60,499,61,
10/17/2014,37759,13799716,64389,23948545,125816,53,1180,105,
10/18/2014,27634,13827350,52554,24001099,125865,49,1806,63,
10/19/2014,21017,13848367,35039,24036139,125914,49,1000,57,
10/20/2014,30928,13879295,48030,24084168,125968,54,514,74,
10/21/2014,34710,13914005,53960,24138128,126008,40,539,90,
10/22/2014,10402,13924407,13894,24152022,126037,29,110,30,
10/23/2014,14886,13939293,20446,24172468,126062,25,74,19,
10/24/2014,33022,13972315,51151,24223619,126086,24,722,84,
10/25/2014,27802,14000117,53881,24277499,126117,31,2093,83,
10/26/2014,23077,14023194,41308,24318808,126166,49,1220,71,
10/27/2014,31908,14055122,49892,24368754,126229,63,519,73,
10/28/2014,36429,14091551,56602,24425356,126395,166,628,79,
10/29/2014,32944,14124495,48378,24473733,126460,65,466,70,
10/30/2014,34658,14159153,52162,24525895,126487,27,557,61,
10/31/2014,30787,14189940,46834,24572729,126503,16,653,75,
11/1/2014,6739,14196679,8703,24581432,126514,11,98,10,
11/2/2014,15730,14212409,23106,24604538,126527,13,480,44,
11/3/2014,29590,14241999,45368,24649906,126557,30,568,51,
11/4/2014,34612,14276611,54306,24704213,126579,22,665,80,
11/5/2014,33764,14310375,52464,24756677,126611,32,513,49,
11/6/2014,13882,14324257,18743,24775420,126627,16,98,12,
11/7/2014,28053,14352310,40163,24815583,126647,20,416,45,
11/8/2014,19372,14371682,31589,24847172,126659,12,878,40,
11/9/2014,20225,14391907,34251,24881423,126675,16,952,44,
11/10/2014,30616,14422523,46768,24928191,126700,25,607,46,
11/11/2014,32312,14454835,49461,24977651,126719,19,599,41,
11/12/2014,30830,14485665,45234,25022886,126747,28,325,36,
11/13/2014,22798,14508463,32395,25055281,126770,23,252,21,
11/14/2014,23452,14531915,33240,25088520,126783,13,242,28,
11/15/2014,15403,14547318,23774,25112295,126797,14,522,16,
11/16/2014,14544,14561862,20645,25132940,126811,14,319,20,
11/17/2014,8944,14570806,11294,25144234,126823,12,25,8,
11/18/2014,18436,14589242,23704,25167938,126834,11,78,26,
11/19/2014,18211,14607453,24052,25191989,126847,13,102,17,
11/20/2014,22682,14630135,30878,25222867,126858,11,160,20,
11/21/2014,19582,14649717,25533,25248400,126865,7,131,24,
11/22/2014,13838,14663555,20211,25268611,126875,10,345,9,
11/23/2014,17012,14680567,27503,25296114,126886,11,628,26,
11/24/2014,25007,14705574,37873,25333986,126894,8,374,45,
11/25/2014,27889,14733463,39495,25373481,126904,10,365,27,
11/26/2014,4064,14737527,4997,25378478,126908,4,14,1,
11/27/2014,4331,14741858,5954,25384432,126911,3,74,10,
11/28/2014,9157,14751015,12743,25397175,126918,7,209,8,
11/29/2014,8974,14759989,12808,25409983,126924,6,235,14,
11/30/2014,13612,14773601,21244,25431227,126937,13,449,25,
12/1/2014,20398,14793999,29977,25461204,126956,19,281,20,
12/2/2014,16961,14810960,22343,25483547,126970,14,45,24,
12/3/2014,15078,14826038,23083,25506630,126978,8,65,6,
12/4/2014,23442,14849480,33077,25539707,126986,8,191,14,
12/5/2014,17289,14866769,23200,25562908,126992,6,153,12,
12/6/2014,4487,14871256,5787,25568695,127004,12,59,5,
12/7/2014,11404,14882660,16007,25584702,127012,8,254,13,
12/8/2014,17015,14899675,21665,25606367,127024,12,60,11,
12/9/2014,7322,14906997,9458,25615825,127031,7,18,4,
12/10/2014,11476,14918473,14590,25630415,127036,5,23,5,
12/11/2014,19840,14938313,27417,25657832,127041,5,144,19,
12/12/2014,19393,14957706,25689,25683521,127046,5,151,13,
12/13/2014,13760,14971466,21276,25704797,127050,4,324,20,
12/14/2014,13255,14984721,19351,25724148,127058,8,326,20,
12/15/2014,21306,15006027,29232,25753380,127065,7,186,25,
12/16/2014,18653,15024680,25116,25778496,127075,10,119,19,
12/17/2014,22350,15047030,30878,25809373,127085,10,186,18,
12/18/2014,20679,15067709,27451,25836824,127093,8,119,14,
12/19/2014,18696,15086405,24828,25861652,127104,11,158,14,
12/20/2014,10628,15097033,13747,25875399,127116,12,145,7,
12/21/2014,9582,15106615,12740,25888139,127126,10,170,9,
12/22/2014,14849,15121464,20321,25908460,127138,12,156,17,
12/23/2014,10405,15131869,13946,25922406,127146,8,68,9,
12/24/2014,4716,15136585,6183,25928589,127155,9,36,7,
12/25/2014,5354,15141939,11023,25939612,127165,10,,,
12/26/2014,10775,15152714,17715,25957327,127183,18,464,63,
12/27/2014,11128,15163842,21130,25978457,127196,,58,,
12/28/2014,8719,15172561,12978,25991435,127222,26,326,23,
12/29/2014,14763,15187324,22499,26013934,127244,,37,,
12/30/2014,13277,15200601,18112,26032046,127258,14,214,31,
12/31/2014,10450,15211051,14560,26046606,127269,11,216,12,
1/1/2015,5792,15216843,9191,26055797,127279,,267,11,
1/2/2015,12371,15229214,18222,26074019,127293,,298,8,
1/3/2015,4834,15234048,6282,26080301,127300,,96,7,
1/4/2015,8509,15242557,11700,26092001,127308,,152,5,
1/5/2015,15792,15258349,20022,26112023,127336,,88,12,
1/6/2015,9483,15267832,12003,26124026,127354,,2,1,
1/7/2015,10685,15278517,12791,26136817,127363,,5,1,
1/8/2015,9777,15288294,11667,26148484,127372,,18,0,
1/9/2015,8631,15296925,11093,26159577,127376,,16,2,
1/10/2015,6826,15303751,8189,26167766,127383,,51,3,
1/11/2015,8204,15311955,10199,26177965,127395,,68,8,
1/12/2015,9441,15321396,11589,26189554,127408,,27,2,
1/13/2015,14134,15335530,17429,26206983,127418,,23,10,
1/14/2015,14396,15349926,18105,26225088,127427,,43,7,
1/15/2015,15463,15365389,19803,26244891,127434,,64,8,
1/16/2015,15059,15380448,19084,26263975,127441,,94,14,
1/17/2015,8243,15388691,10818,26274793,127453,,152,3,
1/18/2015,2038,15390729,2435,26277228,127461,,12,0,
1/19/2015,11913,15402642,15733,26292961,127470,,124,11,
1/20/2015,17615,15420257,22740,26315701,127502,,93,9,
1/21/2015,16734,15436991,21228,26336929,127520,,67,16,
1/22/2015,17435,15454426,22630,26359559,127530,,74,9,
1/23/2015,17080,15471506,22248,26381807,127545,,95,14,
1/24/2015,5275,15476781,6723,26388530,127552,,41,2,
1/25/2015,10235,15487016,14421,26402951,127559,,202,4,
1/26/2015,4537,15491553,5979,26408930,127566,,15,0,
1/27/2015,1405,15492958,2343,26411273,127569,,36,1,
1/28/2015,6223,15499181,9907,26421180,127575,,12,2,
1/29/2015,9845,15509026,14171,26435351,127586,,31,3,
1/30/2015,9943,15518969,12945,26448296,127595,,21,6,
1/31/2015,5752,15524721,7328,26455624,127596,,38,2,
2/1/2015,7214,15531935,9186,26464810,127608,,72,8,
2/2/2015,1686,15533621,2635,26467445,127608,,6,0,
2/3/2015,5443,15539064,7816,26475261,127612,,5,1,
2/4/2015,9854,15548918,13775,26489036,127624,,27,1,
2/5/2015,9977,15558895,12607,26501643,127630,,13,1,
2/6/2015,9334,15568229,11948,26513591,127635,,26,4,
2/7/2015,7346,15575575,10045,26523636,127640,,83,7,
2/8/2015,7180,15582755,9671,26533307,127642,,65,7,
2/9/2015,5717,15588472,7234,26540541,127646,,10,3,
2/10/2015,11289,15599761,14526,26555067,127652,,36,5,
2/11/2015,12453,15612214,16204,26571271,127657,,46,12,
2/12/2015,12651,15624865,16248,26587519,127667,,45,4,
2/13/2015,8595,15633460,10773,26598292,127674,,28,2,
2/14/2015,5124,15638584,6392,26604684,127678,,54,2,
2/15/2015,2837,15641421,3289,26607973,127681,,12,0,
2/16/2015,4500,15645921,5423,26613396,127682,,19,2,
2/17/2015,5289,15651210,6869,26620265,127683,,14,2,
2/18/2015,10001,15661211,12995,26633260,127693,,35,6,
2/19/2015,8485,15669696,10080,26643340,127696,,14,0,
2/20/2015,6825,15676521,8056,26651396,127700,,14,3,
2/21/2015,3453,15679974,4164,26655560,127701,,24,5,
2/22/2015,4654,15684628,6648,26662208,127706,,55,4,
2/23/2015,8343,15692971,10519,26672727,127714,,11,8,
2/24/2015,8483,15701454,10675,26683402,127729,,12,1,
2/25/2015,12057,15713511,15655,26699057,127739,,49,5,
2/26/2015,11047,15724558,14744,26713801,127747,,26,7,
2/27/2015,10861,15735419,14313,26728114,127753,,57,10,
2/28/2015,6836,15742255,8975,26737089,127754,,71,3,
3/1/2015,3169,15745424,4042,26741131,127763,,37,4,
3/2/2015,8019,15753443,10767,26751898,127770,,27,3,
3/3/2015,7178,15760621,9430,26761328,127775,,18,2,
3/4/2015,8265,15768886,10842,26772170,127779,,28,4,
3/5/2015,1821,15770707,2604,26774774,127784,,4,0,
3/6/2015,5953,15776660,8248,26783022,127792,,19,6,
3/7/2015,6255,15782915,8849,26791871,127799,,96,9,
3/8/2015,8711,15791626,13701,26805572,127819,,245,16,
3/9/2015,16365,15807991,24159,26829731,127852,,218,24,
3/10/2015,13080,15821071,17626,26847357,127886,,126,17,
3/11/2015,21728,15842799,33446,26880803,127936,,386,29,
3/12/2015,19246,15862045,26931,26907734,127977,,195,22,
3/13/2015,17850,15879895,24699,26932433,128023,,239,27,
3/14/2015,4302,15884197,5592,26938025,128041,,60,5,
3/15/2015,9676,15893873,13635,26951660,128071,,260,31,
3/16/2015,18476,15912349,26091,26977751,128108,,273,35,
3/17/2015,16287,15928636,22462,27000213,128143,,178,21,
3/18/2015,15050,15943686,11465,27011678,128169,,110,15,
3/19/2015,16699,15960385,16176,27027854,128191,,150,14,
3/20/2015,8786,15969171,11465,27039319,128204,,58,6,
3/21/2015,10236,15979407,16176,27055495,128216,,367,23,
3/22/2015,10638,15990045,16098,27071593,128249,,381,10,
3/23/2015,14669,16004714,18957,27090550,128287,,111,25,
3/24/2015,17532,16022246,23581,27114131,128313,,168,34,
3/25/2015,15851,16038097,21456,27135587,128347,,136,22,
3/26/2015,16193,16054290,22876,27158463,128385,,125,25,
3/27/2015,15433,16069723,21520,27179983,128417,,188,19,
3/28/2015,1255,16070978,1562,27181545,128431,,10,2,
3/29/2015,10585,16081563,17373,27198918,128485,,473,27,
3/30/2015,19250,16100813,26828,27225746,128527,,244,53,
3/31/2015,15199,16116012,20532,27246278,128576,,122,38,
4/1/2015,21566,16137578,31708,27277986,128629,,325,34,
4/2/2015,26346,16163924,43134,27321120,128698,,864,65,
4/3/2015,15978,16179902,23643,27344763,128735,,365,27,
4/4/2015,15538,16195440,27764,27372527,128783,,1029,46,
4/5/2015,14962,16210402,29709,27402236,128846,,1208,52,
4/6/2015,25502,16235904,43529,27445765,128940,,1065,73,
4/7/2015,17640,16253544,24209,27469974,129003,,270,33,
4/8/2015,19223,16272767,26004,27495978,129047,,276,30,
4/9/2015,17723,16290490,23891,27519869,129081,,163,20,
4/10/2015,17648,16308138,25628,27545497,129124,,289,37,
4/11/2015,20451,16328589,39786,27585283,129193,,1600,59,
4/12/2015,21851,16350440,46764,27632047,129273,,1951,87,
4/13/2015,26980,16377420,43753,27675800,129377,,603,73,
4/14/2015,24452,16401872,36555,27712355,129451,,334,53,
4/15/2015,30184,16432056,49727,27762082,129541,,733,84,
4/16/2015,29273,16461329,45915,27807997,129639,,617,57,
4/17/2015,26164,16487493,42203,27850200,129717,,671,81,
4/18/2015,31024,16518517,71371,27921571,129802,,3685,138,
4/19/2015,23444,16541961,46416,27967987,129901,,1851,103,
4/20/2015,12080,16554041,16377,27984364,129974,,96,23,
4/21/2015,27057,16581098,43508,28027872,130039,,608,88,
4/22/2015,23893,16604991,35999,28063871,130109,,374,51,
4/23/2015,23886,16628877,34259,28098130,130168,,311,61,
4/24/2015,22605,16651482,32678,28130808,130211,,421,37,
4/25/2015,22963,16674445,46054,28176862,130293,,2095,85,
4/26/2015,23608,16698053,48664,28225526,130378,,1999,128,
4/27/2015,27657,16725710,43197,28268723,130486,,609,99,
4/28/2015,32481,16758191,54129,28322852,130575,,893,98,
4/29/2015,34427,16792618,59166,28382018,130671,,1087,150,
4/30/2015,31756,16824374,51077,28433095,130745,,785,102,
5/1/2015,30345,16854719,48736,28481831,130840,,917,106,
5/2/2015,28295,16883014,60188,28542019,130899,,2799,138,
5/3/2015,30446,16913460,69728,28611747,130992,,3361,154,
5/4/2015,35115,16948575,63531,28675278,131145,,1397,191,
5/5/2015,35990,16984565,60088,28735366,131284,,987,145,
5/6/2015,32788,17017353,50987,28786353,131366,,712,90,
5/7/2015,37762,17055115,64189,28850542,131496,,1271,133,
5/8/2015,37206,17092321,64255,28914797,131607,,1596,170,
5/9/2015,26813,17119134,51941,28966738,131677,,2077,158,
5/10/2015,28962,17148096,62364,29029102,131752,,2444,189,
5/11/2015,35068,17183164,57873,29086975,131884,,1084,198,
5/12/2015,38186,17221350,62939,29149914,131979,,1103,179,
5/13/2015,36162,17257512,57091,29207005,132074,,891,119,
5/14/2015,44429,17301941,80286,29287291,132158,,4927,82,
5/15/2015,37687,17339628,64660,29351951,132225,,1665,181,
5/16/2015,26142,17365770,50862,29402813,132293,,2392,155,
5/17/2015,34006,17399776,73458,29476271,132357,,3499,189,
5/18/2015,33527,17433303,53794,29530065,132470,,1031,129,
5/19/2015,36272,17469575,58026,29588091,132561,,943,177,
5/20/2015,36020,17505595,57290,29645381,132643,,923,100,
5/21/2015,33076,17538671,50277,29695658,132711,,746,105,
5/22/2015,33898,17572569,58351,29754009,132765,,1356,150,
5/23/2015,25985,17598554,56999,29811008,132798,,2967,166,
5/24/2015,27400,17625954,66211,29877219,132839,,3689,156,
5/25/2015,30636,17656590,69099,29946318,132914,,3392,221,
5/26/2015,38282,17694872,64504,30010822,133006,,1202,188,
5/27/2015,35952,17730824,57511,30068333,133080,,879,124,
5/28/2015,38291,17769115,61662,30129995,133153,,1014,144,
5/29/2015,40179,17809294,69343,30199338,133217,,1648,134,
5/30/2015,33503,17842797,69481,30268819,133265,,3082,192,
5/31/2015,21196,17863993,40580,30309399,133339,,1606,105,
6/1/2015,16079,17880072,20369,30329768,133401,,162,41,
6/2/2015,12706,17892778,15730,30345498,133453,,75,35,
6/3/2015,36345,17929123,58749,30404247,133535,,1129,143,
6/4/2015,34390,17963513,52792,30457039,133598,,806,147,
6/5/2015,32861,17996374,51079,30508118,133641,,959,117,
6/6/2015,27910,18024284,55613,30563731,133687,,2457,144,
6/7/2015,32881,18057165,71994,30635725,133752,,3295,169,
6/8/2015,35453,18092618,58140,30693865,133832,,1045,168,
6/9/2015,37322,18129940,59489,30753354,133896,,889,140,
6/10/2015,41386,18171326,69035,30822389,133964,,1223,140,
6/11/2015,39083,18210409,62993,30885382,134041,,1060,137,
6/12/2015,36801,18247210,60933,30946315,134109,,1374,131,
6/13/2015,31772,18278982,67103,31013418,134156,,3045,168,
6/14/2015,29829,18308811,62977,31076395,134220,,2633,192,
6/15/2015,26533,18335344,38705,31115100,134279,,575,122,
6/16/2015,33832,18369176,52864,31167964,134345,,798,151,
6/17/2015,40009,18409185,65208,31233172,134414,,1145,160,
6/18/2015,37326,18446511,56562,31289734,134468,,792,144,
6/19/2015,39350,18485861,66914,31356648,134516,,1543,143,
6/20/2015,24937,18510798,45872,31402520,134548,,1747,125,
6/21/2015,27486,18538284,55513,31458033,134602,,2295,140,
6/22/2015,39758,18578042,66659,31524692,134676,,1282,202,
6/23/2015,34182,18612224,52805,31577497,134743,,824,147,
6/24/2015,43484,18655708,73125,31650622,134818,,1270,189,
6/25/2015,41618,18697326,68362,31718984,134859,,1166,135,
6/26/2015,40599,18737925,68529,31787513,134908,,1579,182,
6/27/2015,16271,18754196,28233,31815746,134935,,1143,65,
6/28/2015,21588,18775784,42273,31858019,134975,,1610,101,
6/29/2015,39785,18815569,69309,31927328,135065,,1452,196,
6/30/2015,39839,18855408,65564,31992892,135136,,1220,156,
7/1/2015,39019,18894427,64472,32057364,135204,,1251,142,
7/2/2015,36962,18931389,62434,32119798,135247,,1411,175,
7/3/2015,27821,18959210,58884,32178682,135294,,2818,173,
7/4/2015,22347,18981557,53110,32231792,135326,,3036,130,
7/5/2015,26708,19008265,61185,32292977,135384,,2829,180,
7/6/2015,36174,19044439,62539,32355516,135470,,1287,224,
7/7/2015,37930,19082369,63163,32418679,135548,,1071,200,
7/8/2015,35900,19118269,57751,32476430,135594,,823,139,
7/9/2015,32734,19151003,52402,32528832,135646,,900,122,
7/10/2015,39687,19190690,71490,32600322,135704,,1724,143,
7/11/2015,32620,19223310,69705,32670027,135755,,3190,178,
7/12/2015,31853,19255163,68158,32738185,135809,,2875,166,
7/13/2015,39586,19294749,67998,32806250,135890,,1273,238,
7/14/2015,36671,19331420,58900,32865150,135966,,754,145,
7/15/2015,35855,19367275,57781,32922931,136023,,873,111,
7/16/2015,43302,19410577,76535,32999466,136092,,1676,197,
7/17/2015,40782,19451359,73884,33073350,136144,,1815,161,
7/18/2015,29619,19480978,61739,33135089,136188,,2800,165,
7/19/2015,29332,19510310,61512,33196601,136244,,2709,169,
7/20/2015,35960,19546270,59568,33256169,136315,,1052,205,
7/21/2015,39557,19585827,66191,33322360,136379,,1234,170,
7/22/2015,43602,19629429,75758,33398118,136460,,1363,179,
7/23/2015,43319,19672748,75512,33473630,136528,,1404,166,
7/24/2015,41201,19713949,72841,33546471,136594,,1778,174,
7/25/2015,32458,19746407,73133,33619604,136655,,3535,148,
7/26/2015,31325,19777732,66278,33685882,136721,,2889,171,
7/27/2015,39602,19817334,67841,33753723,136818,,1232,230,
7/28/2015,41321,19858655,69131,33822854,136901,,1245,181,
7/29/2015,40267,19898922,66299,33889153,136979,,1085,153,
7/30/2015,31878,19930800,50297,33939450,137044,,785,108,
7/31/2015,39360,19970160,69897,34009347,137109,,1723,177,
8/1/2015,36088,20006248,84287,34093634,137654,,4286,234,
8/2/2015,32482,20038730,72633,34166267,137738,,3189,204,
8/3/2015,39912,20078642,69232,34235499,137833,,1400,230,
8/4/2015,41672,20120314,71146,34306645,137913,,1393,168,
8/5/2015,42149,20162463,71111,34377756,138024,,1357,160,
8/6/2015,43455,20205918,74669,34452425,138142,,1498,170,
8/7/2015,41967,20247885,74844,34527269,138224,,1862,154,
8/8/2015,39866,20287751,95931,34623200,138366,,5101,205,
8/9/2015,33654,20321405,78144,34701344,138455,,3425,177,
8/10/2015,40718,20362123,74754,34776575,138644,,1518,228,
8/11/2015,25692,20387815,42534,34819109,138756,,622,107,
8/12/2015,44145,20431960,80366,34899475,138895,,1458,196,
8/13/2015,43174,20475134,78784,34978259,139042,,1479,155,
8/14/2015,40903,20516037,72319,35050578,139172,,1778,195,
8/15/2015,38777,20554814,92390,35142968,139377,,4773,226,
8/16/2015,30337,20585151,65629,35208597,139514,,2720,179,
8/17/2015,37446,20622597,64425,35273022,139712,,1285,180,
8/18/2015,39913,20662510,67805,35340827,139882,,1163,158,
8/19/2015,40721,20703231,69834,35410661,140076,,1266,151,
8/20/2015,39275,20742506,66772,35477433,140222,,1275,140,
8/21/2015,38033,20780539,66202,35543635,140392,,1572,160,
8/22/2015,34269,20814808,77058,35620693,140516,,3632,190,
8/23/2015,33059,20847867,71456,35692149,140725,,2960,178,
8/24/2015,38676,20886543,68193,35760342,140971,,1253,182,
8/25/2015,41052,20927595,71734,35832076,141218,,1224,178,
8/26/2015,42373,20969968,73578,35905654,141423,,1247,159,
8/27/2015,42801,21012769,74735,35980389,141674,,1333,161,
8/28/2015,41418,21054187,74240,36054629,141943,,1774,160,
8/29/2015,34053,21088240,74840,36129469,142169,,3470,197,
8/30/2015,32581,21120821,68990,36198459,142496,,2902,189,
8/31/2015,40043,21160864,67836,36266295,143057,,1197,194,
9/1/2015,43069,21203933,72939,36339234,143239,,1199,185,
9/2/2015,43004,21246937,72983,36412217,143424,,1244,162,
9/3/2015,42462,21289399,71265,36483482,143581,,1251,193,
9/4/2015,39572,21328971,70681,36554163,143722,,1843,211,
9/5/2015,33669,21362640,77956,36632119,143854,,4271,228,
9/6/2015,32875,21395515,82123,36714242,143962,,4571,200,
9/7/2015,33280,21428795,75257,36789499,144160,,3501,155,
9/8/2015,42344,21471139,71591,36861090,144402,,1138,208,
9/9/2015,43528,21514667,71173,36932263,144617,,1041,175,
9/10/2015,22023,21536690,31862,36964125,144769,,416,77,
9/11/2015,47206,21583896,86598,37050723,144950,,1929,207,
9/12/2015,33282,21617178,68420,37119143,145145,,2620,192,
9/13/2015,34308,21651486,72749,37191892,145406,,2814,215,
9/14/2015,44367,21696523,83150,37276407,145619,,1751,240,
9/15/2015,48402,21744925,88238,37364645,145951,,1533,227,
9/16/2015,50780,21795705,91197,37455842,146279,,1424,199,
9/17/2015,50275,21845980,91433,37547275,146611,,1508,206,
9/18/2015,49946,21895926,95186,37642461,146874,,2090,226,
9/19/2015,42653,21938579,98568,37741029,,,184,,
9/20/2015,40099,21978678,90483,37831512,147602,,3598,234,
9/21/2015,47178,22025856,85002,37916514,147960,,1290,249,
9/22/2015,48664,22074520,84251,38000765,148254,,1080,191,
9/23/2015,48175,22122695,88117,38088882,148522,,1568,218,
9/24/2015,52706,22175401,96872,38185754,148809,,1766,204,
9/25/2015,51367,22226768,95467,38281221,149055,,2059,193,
9/26/2015,42559,22269327,93740,38374961,149309,,3769,219,
9/27/2015,38278,22307605,82841,38457802,149566,,2940,151,
9/28/2015,48009,22355614,90180,38547982,149886,,1505,223,
9/29/2015,48728,22404342,87702,38635684,150277,,1284,173,
9/30/2015,39450,22443792,65081,38700765,150811,,744,77,
10/1/2015,34719,21391023,55662,38756427,150933,,804,92,
10/2/2015,9444,21400467,12111,38768538,150976,,65,4,
10/3/2015,16564,21417031,25241,38793779,151027,,489,64,
10/4/2015,30214,21447245,59317,38853096,151167,,2005,127,
10/5/2015,44581,21491826,78665,38931761,151361,,1193,176,
10/6/2015,49720,21541546,89905,39021666,151461,,1328,167,
10/7/2015,50141,21591687,89586,39111252,151579,,1211,172,
10/8/2015,50179,21641866,88959,39200211,151968,,1436,180,
10/9/2015,37283,21679149,65046,39265257,152132,,1302,97,
10/10/2015,39348,21718497,87575,39352832,152260,,3864,206,
10/11/2015,38967,21757464,92607,39445439,152421,,4004,171,
10/12/2015,45584,21803048,102884,39548323,153049,,2452,189,
10/13/2015,49047,21852095,101421,39649744,153382,,1235,151,
10/14/2015,50000,21902095,99751,39749495,153619,,1069,150,
10/15/2015,48783,21950878,96975,39846470,153784,,1318,155,
10/16/2015,46486,21997364,93266,39939736,153866,,1522,118,
10/17/2015,31811,22029175,70864,40010600,154026,,2239,120,
10/18/2015,23978,22053153,49590,40060190,154092,,1141,75,
10/19/2015,36570,22089723,66941,40127131,154422,,661,116,
10/20/2015,45377,22135100,89988,40217119,154499,,1093,147,
10/21/2015,49121,22184221,100309,40317428,154626,,1339,162,
10/22/2015,49604,22233825,100026,40417454,154799,,1342,177,
10/23/2015,44681,22278506,90710,40508164,154935,,1429,123,
10/24/2015,31713,22310219,71472,40579636,155028,,2254,101,
10/25/2015,29289,22339508,62798,40642434,155118,,1761,90,
10/26/2015,42166,22381674,81381,40723815,155296,,1039,154,
10/27/2015,44553,22426227,83174,40806989,155445,,866,86,
10/28/2015,20736,22446963,34040,40841029,155572,,128,25,
10/29/2015,45359,22492322,90367,40931396,155697,,1179,167,
10/30/2015,44521,22536843,90284,41021680,155873,,1558,154,
10/31/2015,31759,22568602,70082,41091762,156005,,2206,145,
11/1/2015,30622,22599224,66939,41158701,156096,,2090,111,
11/2/2015,44534,22643758,89099,41247800,156208,,1316,190,
11/3/2015,49326,22693084,100760,41348560,156301,,1567,166,
11/4/2015,49487,22742571,99144,41447704,156400,,1217,139,
11/5/2015,43006,22785577,81276,41528980,156499,,849,108,
11/6/2015,47162,22832739,95321,41624301,156561,,1571,122,
11/7/2015,35586,22868325,79866,41704167,156647,,2643,149,
11/8/2015,32318,22900643,73329,41777496,156743,,2361,99,
11/9/2015,42262,22942905,78410,41855906,156820,,899,102,
11/10/2015,21585,22964490,34847,41890753,156963,,120,42,
11/11/2015,37705,23002195,68696,41959449,157038,,712,95,
11/12/2015,37319,23039514,64556,42024005,157143,,430,61,
11/13/2015,38970,23078484,70190,42094195,157226,,892,78,
11/14/2015,25300,23103784,50403,42144598,157296,,1349,72,
11/15/2015,25991,23129775,54736,42199334,157392,,1497,78,
11/16/2015,40916,23170691,78389,42277723,157491,,833,105,
11/17/2015,38939,23209630,68151,42345874,157570,,488,66,
11/18/2015,41486,23251116,73030,42418904,157628,,498,82,
11/19/2015,21890,23273006,36884,42455788,157666,,167,37,
11/20/2015,38205,23311211,71192,42526980,157702,,890,73,
11/21/2015,28038,23339249,56288,42583268,157731,,1572,65,
11/22/2015,23344,23362593,44743,42628011,157781,,905,39,
11/23/2015,30136,23392729,51812,42679823,157830,,382,43,
11/24/2015,32218,23424947,53981,42733804,157870,,392,43,
11/25/2015,30295,23455242,55504,42789308,157893,,636,54,
11/26/2015,13291,23468533,35956,42825264,157907,,1436,61,
11/27/2015,22829,23491362,51342,42876606,157929,,1859,78,
11/28/2015,15832,23507194,32196,42908802,157952,,1061,45,
11/29/2015,18453,23525647,36854,42945656,157997,,888,45,
11/30/2015,30221,23555868,52674,42998330,158047,,346,62,
12/1/2015,18399,23574267,29273,43027603,158067,,61,22,
12/2/2015,23782,23598049,39484,43067087,158096,,138,29,
12/3/2015,33917,23631966,59184,43126271,158130,,348,42,
12/4/2015,34737,23666703,61717,43187988,158157,,549,60,
12/5/2015,26355,23693058,56227,43244215,158183,,1638,66,
12/6/2015,24942,23718000,52485,43296700,158214,,1321,53,
12/7/2015,34139,23752139,60929,43357629,158251,,554,84,
12/8/2015,35614,23787753,59619,43417248,158284,,411,69,
12/9/2015,35305,23823058,59954,43477202,158317,,355,33,
12/10/2015,39099,23862157,69925,43547127,158357,,638,67,
12/11/2015,39059,23901216,72153,43619280,158388,,822,63,
12/12/2015,31956,23933172,68858,43688138,158427,,2192,51,
12/13/2015,32001,23965173,72863,43761001,158468,,2470,68,
12/14/2015,32518,23997691,57195,43818196,158529,,606,56,
12/15/2015,38660,24036351,67753,43885949,158572,,606,54,
12/16/2015,35643,24071994,61011,43946960,158617,,436,50,
12/17/2015,21960,24093954,35033,43981993,158643,,120,26,
12/18/2015,30699,24124653,51270,44033263,158671,,384,38,
12/19/2015,17776,24142429,30995,44064258,158692,,527,31,
12/20/2015,17029,24159458,30624,44094882,158732,,604,36,
12/21/2015,29800,24189258,54373,44149255,158772,,494,29,
12/22/2015,22941,24212199,39410,44188665,158793,,274,26,
12/23/2015,14817,24227016,28228,44216893,158825,,172,19,
12/24/2015,18445,24245461,35231,44252124,158844,,660,64,
12/25/2015,12331,24257792,37829,44289953,158883,,2171,84,
12/26/2015,13912,24271704,30690,44320643,158933,,1021,96,
12/27/2015,13176,24284880,30096,44350739,158993,,1064,83,
12/28/2015,18889,24303769,39889,44390628,159046,,756,69,
12/29/2015,13347,24317116,24451,44415079,159081,,211,36,
12/30/2015,22476,24339592,43736,44458815,159148,,888,57,
12/31/2015,20375,24359967,40032,44498847,159215,,1072,54,
1/1/2016,11009,24371025,24429,44606414,159362,,919,51,
1/2/2016,14587,24385612,29093,44635507,159403,,877,34,
1/3/2016,15499,24401111,29616,44665123,159459,,784,27,
1/4/2016,19593,24420704,36172,44701295,159502,,166,33,
1/5/2016,18053,24438757,32049,44733344,159534,,121,22,
1/6/2016,24569,24463326,40996,44774340,159564,,265,27,
1/7/2016,27773,24491099,45986,44820326,159588,,318,24,
1/8/2016,28709,24519808,47061,44867387,159621,,364,28,
1/9/2016,20846,24540654,37341,44904728,159654,,632,20,
1/10/2016,14275,24554929,25404,44930132,159682,,391,18,
1/11/2016,22937,24577866,37393,44967525,159731,,155,32,
1/12/2016,25211,24603077,38958,45006483,159761,,151,23,
1/13/2016,21133,24624210,31608,45038091,159792,,82,15,
1/14/2016,23780,24647990,37295,45075386,159813,,123,29,
1/15/2016,28435,24676425,45993,45121379,159841,,379,27,
1/16/2016,19178,24695603,35791,45157170,159885,,803,37,
1/17/2016,12024,24707627,20487,45177657,159910,,387,22,
1/18/2016,12718,24720345,19998,45197655,159931,,123,13,
1/19/2016,17281,24737626,26966,45224621,159957,,64,12,
1/20/2016,23419,24761045,35477,45260098,159972,,126,11,
1/21/2016,23671,24784716,36048,45296146,159991,,133,15,
1/22/2016,20950,24805666,31344,45327490,160004,,115,6,
1/23/2016,0,24805666,0,45327490,160005,,0,0,
1/24/2016,0,24805666,0,45327490,160013,,0,0,
1/25/2016,0,24805666,0,45327490,160020,,0,0,
1/26/2016,0,24805666,0,45327490,160028,,0,0,
1/27/2016,6760,24812426,13698,45341188,160039,,54,6,
1/28/2016,11944,24824370,22314,45363502,160053,,81,9,
1/29/2016,16028,24840398,26896,45390398,160064,,118,27,
1/30/2016,12964,24853362,23350,45413748,160084,,328,23,
1/31/2016,16112,24869474,31280,45445028,160118,,533,17,
2/1/2016,24334,24893808,42380,45487408,160160,,202,31,
2/2/2016,28527,24922335,47742,45535150,160189,,280,31,
2/3/2016,16203,24938538,24225,45559375,160216,,63,12,
2/4/2016,27765,24966303,47458,45606833,160247,,304,24,
2/5/2016,13669,24979972,25538,45632371,160257,,102,7,
2/6/2016,16933,24996905,38782,45671153,160280,,586,35,
2/7/2016,17605,25014510,31524,45702677,160316,,622,30,
2/8/2016,19026,25033536,28648,45731325,160335,,80,20,
2/9/2016,22740,25056276,40198,45771523,160364,,156,9,
2/10/2016,22418,25078694,38402,45809925,160395,,130,17,
2/11/2016,18747,25097441,27783,45837708,160425,,87,15,
2/12/2016,16445,25113886,27143,45864851,160450,,104,16,
2/13/2016,6625,25120511,11589,45876440,160459,,46,4,
2/14/2016,4652,25125163,6934,45883374,160468,,78,4,
2/15/2016,5883,25131046,8747,45892121,160480,,43,1,
2/16/2016,14225,25145271,27802,45919923,160505,,53,19,
2/17/2016,23572,25168843,38304,45958227,160528,,182,26,
2/18/2016,22261,25191104,34431,45992658,160550,,202,26,
2/19/2016,21959,25213063,35317,46027975,160568,,268,17,
2/20/2016,24484,25237547,53540,46081515,160618,,1710,50,
2/21/2016,20052,25257599,41645,46123160,160685,,1228,29,
2/22/2016,28233,25285832,48237,46171397,160749,,455,37,
2/23/2016,16133,25301965,26379,46197776,160784,,62,10,
2/24/2016,9761,25311726,14994,46212770,160814,,38,3,
2/25/2016,25102,25336828,42707,46255477,160849,,237,23,
2/26/2016,22574,25359402,36101,46291578,160887,,254,19,
2/27/2016,17226,25376628,37583,46329161,160910,,706,18,
2/28/2016,25440,25402068,61595,46390756,160982,,2335,43,
2/29/2016,27957,25430025,47933,46438689,161089,,376,58,
3/1/2016,30509,25460534,55160,46493849,161146,,470,66,
3/2/2016,26195,25486729,43535,46537384,161198,,235,35,
3/3/2016,24061,25510790,37848,46575232,161243,,215,22,
3/4/2016,17369,25528159,29100,46604332,161268,,150,16,
3/5/2016,18023,25546182,36875,46641207,161310,,785,46,
3/6/2016,18832,25565014,36377,46677584,161379,,837,40,
3/7/2016,31492,25596506,56232,46733816,161493,,633,58,
3/8/2016,36521,25633027,67958,46801774,161604,,723,98,
3/9/2016,41489,25674516,81662,46883436,161732,,1226,125,
3/10/2016,42252,25716768,82079,46965515,161867,,1271,111,
3/11/2016,38193,25754961,76636,47042151,161987,,1266,79,
3/12/2016,32770,25787731,81491,47123642,162086,,3247,105,
3/13/2016,27549,25815280,63214,47186856,162214,,2216,67,
3/14/2016,10930,25826210,16498,47203354,162289,,70,17,
3/15/2016,31595,25857805,57722,47261076,162380,,582,79,
3/16/2016,36067,25893872,68713,47329789,162482,,930,78,
3/17/2016,35390,25929262,65353,47395142,162583,,785,98,
3/18/2016,34647,25963909,69122,47464264,162670,,933,87,
3/19/2016,24048,25987957,49113,47513377,162733,,1411,69,
3/20/2016,16676,26004633,29737,47543114,162795,,633,40,
3/21/2016,26414,26031047,44457,47587571,162890,,428,57,
3/22/2016,33496,26064543,62248,47649819,163000,,705,99,
3/23/2016,40981,26105524,80289,47730108,163136,,1279,120,
3/24/2016,36495,26142019,67590,47797698,163216,,1045,101,
3/25/2016,34091,26176110,70525,47868223,163320,,1684,128,
3/26/2016,27474,26203584,67267,47935490,163407,,2834,108,
3/27/2016,22481,26226065,52462,47987952,163501,,2080,67,
3/28/2016,20344,26246409,35548,48023500,163589,,375,60,
3/29/2016,31481,26277890,55067,48078567,163681,,588,97,
3/30/2016,33674,26311564,61264,48139831,163770,,769,64,
3/31/2016,38192,26349756,79447,48219278,163865,,1141,91,
4/1/2016,34448,26384204,67595,48286873,163963,,1113,82,0
4/2/2016,21838,26406042,46206,48333079,164031,,1193,63,0
4/3/2016,15321,26421363,28615,48361694,164102,,448,31,0
4/4/2016,12302,26433665,20143,48381837,164167,,49,19,0
4/5/2016,26236,26459901,43723,48425560,164237,,341,56,0
4/6/2016,29364,26489265,48901,48474461,164310,,443,37,0
4/7/2016,30400,26519665,54591,48529052,164366,,280,65,0
4/8/2016,30811,26550476,53039,48582091,164425,,542,51,0
4/9/2016,12698,26563174,21151,48603242,164455,,346,21,0
4/10/2016,23228,26586402,49190,48652432,164536,,1508,48,0
4/11/2016,32048,26618450,59206,48711638,164632,,668,82,0
4/12/2016,23765,26642215,43504,48755142,164703,,316,50,0
4/13/2016,37538,26679753,71788,48826930,164790,,761,106,0
4/14/2016,38502,26718255,88278,48915208,164885,,963,93,0
4/15/2016,39676,26757931,86981,49002189,164996,,1273,118,0
4/16/2016,36148,26794079,102228,49104417,165139,,3726,141,0
4/17/2016,38838,26832917,115805,49220222,165354,,4348,190,0
4/18/2016,43989,26876906,102730,49322952,165576,,1595,197,0
4/19/2016,46075,26922981,107515,49430467,165812,,1130,184,0
4/20/2016,44542,26967523,104249,49534716,166002,,1160,116,0
4/21/2016,45568,27013091,104484,49639200,166153,,1307,149,0
4/22/2016,48806,27061897,113556,49752756,166319,,4230,105,0
4/23/2016,33631,27095528,96274,49849030,166462,,3309,155,0
4/24/2016,37862,27133390,115132,49964162,166692,,4026,177,0
4/25/2016,42303,27175693,100925,50065087,166902,,1698,170,0
4/26/2016,34639,27210332,75454,50140541,167048,,741,97,0
4/27/2016,41931,27252263,93272,50233813,167196,,1395,110,0
4/28/2016,37428,27289691,74857,50308670,167311,,927,95,0
4/29/2016,34878,27324569,78020,50386690,167439,,1051,122,0
4/30/2016,38258,27362827,110776,50497466,167638,,4244,165,0
5/1/2016,10697,27373524,29020,50526486,167721,,260,24,0
5/2/2016,38536,27412060,84418,50610904,167842,,967,152,0
5/3/2016,22858,27434918,57652,50668556,167987,,350,45,0
5/4/2016,31619,27466537,67962,50736518,168111,,449,84,0
5/5/2016,39903,27506440,80750,50817268,168262,,970,107,0
5/6/2016,18860,27525300,42069,50859337,168326,,275,45,0
5/7/2016,31078,27556378,78977,50938314,168427,,2293,133,0
5/8/2016,31197,27587575,84464,51022778,168582,,2773,157,0
5/9/2016,45724,27633299,103071,51125849,168779,,1389,195,0
5/10/2016,44849,27678148,89755,51215604,168979,,876,133,0
5/11/2016,51181,27729329,106139,51321743,169209,,1531,147,0
5/12/2016,52273,27781602,115823,51437566,169407,,1971,169,0
5/13/2016,32391,27813993,68317,51505883,169570,,855,92,0
5/14/2016,42063,27856056,108807,51614690,169769,,4186,212,0
5/15/2016,28662,27884718,64857,51679547,169933,,1865,116,0
5/16/2016,42787,27927505,94791,51774338,170102,,1362,186,0
5/17/2016,43396,27970901,80744,51855082,170276,,1012,154,0
5/18/2016,44803,28015704,93320,51948402,170465,,1120,121,0
5/19/2016,49184,28064888,104291,52052693,170680,,1471,0,151
5/20/2016,52544,28117432,118192,52170885,170960,,2349,0,184
5/21/2016,30524,28147956,72663,52243548,171147,,2174,0,138
5/22/2016,37804,28185760,98270,52341818,171349,,3159,0,131
5/23/2016,48578,28234338,109072,52450890,171680,,1549,0,177
5/24/2016,34799,28269137,68156,52519046,171898,,696,0,98
5/25/2016,53441,28322578,125803,52644849,172154,,1702,0,191
5/26/2016,52134,28374712,124751,52769600,172386,,1646,0,195
5/27/2016,46943,28421655,106768,52876368,172638,,1988,0,221
5/28/2016,34233,28455888,95897,52972265,172831,,3634,0,296
5/29/2016,36881,28492769,114069,53086334,173090,,4820,0,161
5/30/2016,32627,28525396,94241,53180575,173422,,2782,0,134
5/31/2016,49774,28575170,106059,53286634,174137,,1492,0,212
6/1/2016,54662,28629832,127143,53413777,174344,,1513,0,156
6/2/2016,54401,28684233,124918,53538695,174516,,1649,0,162
6/3/2016,38975,28723208,85292,53623987,174633,,1023,0,118
6/4/2016,40973,28764181,107610,53731597,174797,,3824,0,159
6/5/2016,22395,28786576,54320,53785917,174912,,1133,0,57
6/6/2016,52130,28838706,123879,53909796,175118,,1861,0,208
6/7/2016,51761,28890467,114761,54024557,175293,,1331,0,127
6/8/2016,42063,28932530,89460,54114017,175420,,673,0,74
6/9/2016,52885,28985415,127585,54241602,175557,,1556,0,168
6/10/2016,53235,29038650,119143,54360745,175697,,2022,0,207
6/11/2016,40980,29079630,111784,54472529,175901,,3432,0,126
6/12/2016,40636,29120266,117814,54590343,176087,,3335,0,173
6/13/2016,49069,29169335,110720,54701063,176273,,1364,0,200
6/14/2016,54813,29224148,116030,54817093,176467,,1471,0,153
6/15/2016,55049,29279197,122197,54939290,176711,,1524,0,154
6/16/2016,46198,29325395,100175,55039465,176865,,1104,0,144
6/17/2016,54236,29379631,121671,55161136,177053,,2677,0,155
6/18/2016,48901,29428532,143869,55305005,177210,,6432,0,158
6/19/2016,45270,29473802,137558,55442563,177370,,5555,0,151
6/20/2016,52247,29526049,119765,55562328,177660,,1488,0,211
6/21/2016,53564,29579613,116215,55678543,177895,,1331,0,144
6/22/2016,55749,29635362,119611,55798154,178168,,1476,0,157
6/23/2016,53206,29688568,115262,55913416,178354,,1253,0,160
6/24/2016,54186,29742754,123440,56036856,178545,,2142,0,224
6/25/2016,43000,29785754,123815,56160671,178715,,4069,0,176
6/26/2016,42992,29828746,117472,56278143,178893,,3784,0,156
6/27/2016,47023,29875769,100253,56378396,179061,,1400,0,164
6/28/2016,49593,29925362,99918,56478314,179215,,1099,0,114
6/29/2016,54882,29980244,114793,56593107,179403,,1402,0,128
6/30/2016,54843,30035087,125575,56718682,179625,,1571,0,141
7/1/2016,39665,30074752,82871,56801553,179756,,1316,,139
7/2/2016,35835,30110587,111151,56912704,179903,,3596,,314
7/3/2016,35347,30145934,111116,57023820,180016,,4095,,169
7/4/2016,34859,30180793,109745,57133565,180158,,3826,,155
7/5/2016,43736,30224529,92107,57225672,180338,,1357,,160
7/6/2016,51336,30275865,109240,57334912,180540,,1288,,153
7/7/2016,48724,30324589,99975,57434887,180725,,1255,,113
7/8/2016,44400,30368989,91632,57526519,180852,,1258,,152
7/9/2016,38138,30407127,107359,57633878,180990,,2844,,145
7/10/2016,41985,30449112,123282,57757160,181172,,3280,,137
7/11/2016,52853,30501965,122260,57879420,181381,,1440,,211
7/12/2016,56515,30558480,120414,57999834,181571,,1472,,192
7/13/2016,55471,30613951,121029,58120863,181748,,1510,,146
7/14/2016,50345,30664296,108541,58229404,181877,,1326,,126
7/15/2016,48558,30712854,104701,58334105,182016,,1709,,173
7/16/2016,38405,30751259,103429,58437534,182144,,3281,,122
7/17/2016,41346,30792605,120635,58558169,182314,,3440,,153
7/18/2016,43681,30836286,97216,58655385,182488,,1062,,154
7/19/2016,54587,30890873,116806,58772191,182624,,1498,,139
7/20/2016,57213,30948086,128799,58900990,182792,,1601,,158
7/21/2016,54832,31002918,128476,59029466,182950,,1553,,161
7/22/2016,49185,31052103,105666,59135132,183072,,1701,,176
7/23/2016,37522,31089625,101810,59236942,183177,,2932,,138
7/24/2016,39634,31129259,113680,59350622,183332,,2966,,114
7/25/2016,35376,31164635,85145,59435767,183473,,920,,150
7/26/2016,52904,31217539,108783,59544550,183595,,1385,,168
7/27/2016,54148,31271687,115744,59660294,183731,,1403,,132
7/28/2016,50134,31321821,98694,59758988,183846,,1292,,123
7/29/2016,37693,31359514,81355,59840343,183937,,1441,,162
7/30/2016,27780,31387294,72197,59912540,184039,,2242,,112
7/31/2016,27651,31414945,70377,59982917,184157,,1641,,82
8/1/2016,49395,31464340,101134,60084051,184325,,1359,,166
8/2/2016,56744,31521084,116187,60200238,184558,,1636,,181
8/3/2016,56992,31578076,118370,60318608,184766,,1827,,143
8/4/2016,56587,31634663,118563,60437171,184960,,1778,,148
8/5/2016,53286,31687949,116534,60553705,185186,,2012,,185
8/6/2016,44209,31732158,125188,60678893,185436,,4159,,153
8/7/2016,43631,31775789,116183,60795076,185682,,3856,,149
8/8/2016,52251,31828040,115847,60910923,185956,,1753,,184
8/9/2016,56101,31884141,114892,61025815,186223,,1701,,165
8/10/2016,50100,31934241,101761,61127576,186401,,1158,,109
8/11/2016,47420,31981661,93639,61221215,186596,,1238,,152
8/12/2016,44729,32026390,90685,61311900,186771,,1467,,144
8/13/2016,38903,32065293,100035,61411935,186990,,3333,,125
8/14/2016,32961,32098254,74055,61485990,187173,,2154,,91
8/15/2016,49056,32147310,107305,61593295,187394,,1417,,175
8/16/2016,50411,32197721,103010,61696305,187601,,1295,,164
8/17/2016,53983,32251704,113583,61809888,187820,,1430,,138
8/18/2016,53209,32304913,115041,61924929,187998,,1459,,163
8/19/2016,51658,32356571,110723,62035652,188186,,1862,,175
8/20/2016,45808,32402379,138864,62174516,188499,,4385,,167
8/21/2016,35041,32437420,96941,62271457,188725,,2664,,127
8/22/2016,54201,32491621,118995,62390452,188996,,1679,,192
8/23/2016,58665,32550286,127012,62517464,189297,,1675,,170
8/24/2016,58134,32608420,127066,62644530,189577,,1597,,160
8/25/2016,53480,32661900,111985,62756515,189856,,1436,,169
8/26/2016,52026,32713926,112005,62868520,190156,,1878,,197
8/27/2016,45673,32759599,120578,62989098,190480,,3767,,173
8/28/2016,44639,32804238,121056,63110154,190844,,3560,,159
8/29/2016,53279,32857517,115101,63225255,191255,,1530,,174
8/30/2016,57392,32914909,121098,63346353,191713,,1510,,160
8/31/2016,57200,32972109,118815,63465168,192380,,1320,,136
9/1/2016,38174,33010283,77415,63542583,192592,,714,,104
9/2/2016,52999,33063282,126790,63669373,192814,,2314,,252
9/3/2016,41629,33104911,117476,63786849,193055,,4009,,268
9/4/2016,46020,33150931,140347,63927196,193326,,5467,,185
9/5/2016,45431,33196362,118022,64045218,193677,,3778,,190
9/6/2016,52432,33248794,108743,64153961,194065,,1018,,178
9/7/2016,60278,33309072,130391,64284352,194396,,1328,,199
9/8/2016,61551,33370623,130259,64414611,194674,,1511,,179
9/9/2016,56804,33427427,118213,64532824,194908,,1582,,178
9/10/2016,48454,33475881,127252,64660076,195189,,3549,,229
9/11/2016,52238,33528119,136353,64796429,195499,,3572,,216
9/12/2016,61083,33589202,127447,64923876,195832,,1620,,225
9/13/2016,64818,33654020,135366,65059242,196122,,1462,,198
9/14/2016,58928,33712948,121511,65180753,196388,,1369,,157
9/15/2016,67312,33780260,140436,65321189,196637,,1612,,240
9/16/2016,65257,33845517,145454,65466643,196886,,2047,,225
9/17/2016,59199,33904716,154037,65620680,197163,,5117,,210
9/18/2016,51685,33956401,131788,65752468,197449,,3191,,159
9/19/2016,34205,33990606,67180,65819648,197620,,555,,101
9/20/2016,64881,34055487,135085,65954733,197880,,1454,,200
9/21/2016,65453,34120940,142356,66097089,198118,,1566,,182
9/22/2016,67762,34188702,146370,66243459,198363,,1681,,207
9/23/2016,65499,34254201,142458,66385917,198577,,2053,,248
9/24/2016,53258,34307459,137355,66523272,198827,,3990,,212
9/25/2016,53563,34361022,143312,66666584,199198,,3871,,169
9/26/2016,61120,34422142,128011,66794595,199480,,1375,,170
9/27/2016,61334,34483476,122347,66916942,199739,,1175,,150
9/28/2016,59456,34542932,120072,67037014,199989,,931,,107
9/29/2016,55550,34598482,104364,67141378,200201,,808,,131
9/30/2016,21368,34619850,45194,67186572,200447,,175,,20
10/1/2016,39809,34659659,91771,67278343,200544,,2017,,133
10/2/2016,41018,34700677,100425,67378768,200664,,2147,,119
10/3/2016,56369,34757046,116682,67495450,200829,,1514,,183
10/4/2016,60196,34817242,123551,67619001,200954,,1035,,144
10/5/2016,65031,34882273,126942,67745943,201115,,1240,,160
10/6/2016,67580,34949853,137567,67883510,201234,,1580,,205
10/7/2016,65881,35015734,142612,68026122,201369,,2398,,222
10/8/2016,34624,35050358,86818,68112940,201485,,2002,,160
10/9/2016,21687,35072045,46334,68159274,201539,,713,,56
10/10/2016,52248,35124293,107487,68266761,201664,,2013,,163
10/11/2016,58754,35183047,113228,68379989,201761,,1172,,142
10/12/2016,57497,35240544,119851,68499840,201880,,1170,,153
10/13/2016,61209,35301753,117523,68617363,201984,,1064,,168
10/14/2016,60561,35362314,123000,68740363,202090,,1592,,183
10/15/2016,51991,35414305,138233,68878596,202215,,3904,,207
10/16/2016,48866,35463171,126550,69005146,202343,,3195,,172
10/17/2016,62649,35525820,132131,69137277,202502,,1447,,236
10/18/2016,68224,35594044,143635,69280912,202653,,1656,,194
10/19/2016,69758,35663802,145347,69426259,202772,,1902,,164
10/20/2016,63668,35727470,131686,69557945,202893,,1377,,198
10/21/2016,40865,35768335,80787,69638732,202960,,724,,102
10/22/2016,25301,35793636,55557,69694289,203019,,658,,45
10/23/2016,41462,35835098,99878,69794167,203137,,2616,,134
10/24/2016,55254,35890352,106893,69901060,203269,,1145,,146
10/25/2016,52667,35943019,96848,69997908,203349,,716,,102
10/26/2016,52466,35995485,103870,70101778,203410,,809,,85
10/27/2016,21054,36016539,39660,70141438,203449,,101,,23
10/28/2016,46233,36062772,89857,70231295,203492,,766,,111
10/29/2016,42513,36105285,103274,70334569,203579,,2615,,153
10/30/2016,37760,36143045,107572,70442141,203697,,2971,,114
10/31/2016,50071,36193116,107875,70550016,203787,,1090,,123
11/1/2016,55944,36249060,110056,70660072,203888,,868,,105
11/2/2016,62133,36311193,133258,70793330,203993,,1242,,141
11/3/2016,59632,36370825,124673,70918003,204108,,943,,174
11/4/2016,57867,36428692,126507,71044510,204195,,1538,,207
11/5/2016,48687,36477379,128639,71173149,204301,,3416,,177
11/6/2016,39413,36516792,104186,71277335,204428,,2293,,97
11/7/2016,49883,36566675,106484,71383819,204520,,972,,119
11/8/2016,56589,36623264,123718,71507537,204616,,1137,,107
11/9/2016,38050,36661314,75883,71583420,204660,,257,,40
11/10/2016,50863,36712177,111472,71694892,204728,,813,,139
11/11/2016,45826,36758003,105021,71799913,204802,,1248,,165
11/12/2016,34664,36792667,86968,71886881,204865,,1916,,114
11/13/2016,36806,36829473,95679,71982560,204958,,2076,,95
11/14/2016,48810,36878283,113590,72096150,205034,,728,,97
11/15/2016,22884,36901167,48797,72144947,205073,,105,,16
11/16/2016,53328,36954495,107831,72252778,205170,,703,,113
11/17/2016,53889,37008384,109418,72362196,205231,,711,,106
11/18/2016,53370,37061754,109802,72471998,205286,,1051,,125
11/19/2016,41208,37102962,98021,72570019,205376,,2272,,87
11/20/2016,20616,37123578,45772,72615791,205407,,350,,34
11/21/2016,32964,37156542,69754,72685545,205449,,148,,38
11/22/2016,36723,37193265,72592,72758137,205479,,290,,35
11/23/2016,34462,37227727,73005,72831142,205501,,481,,56
11/24/2016,12122,37239849,42343,72873485,205518,,641,,73
11/25/2016,20980,37260829,62444,72935929,205545,,1011,,67
11/26/2016,23810,37284639,65654,73001583,205572,,1356,,44
11/27/2016,24076,37308715,74381,73075964,205607,,945,,31
11/28/2016,42086,37350801,83300,73159264,205667,,485,,42
11/29/2016,14584,37365385,30989,73190253,205696,,48,,9
11/30/2016,24434,37389819,52424,73242677,205729,,117,,10
12/1/2016,43233,37433053,90239,73332916,205762,,389,,58
12/2/2016,42358,37475411,89092,73422008,205794,,440,,52
12/3/2016,29853,37505264,70853,73492861,205824,,854,,58
12/4/2016,27454,37532718,71729,73564590,205857,,930,,28
12/5/2016,35927,37568645,80214,73644804,205897,,278,,38
12/6/2016,33325,37601970,67187,73711991,205939,,228,,26
12/7/2016,38010,37639980,76605,73788596,205967,,270,,18
12/8/2016,39621,37679601,72219,73860815,205998,,235,,23
12/9/2016,33540,37713141,63950,73924765,206021,,214,,31
12/10/2016,22379,37735520,52716,73977481,206033,,490,,20
12/11/2016,17798,37753318,41740,74019221,206049,,287,,6
12/12/2016,29035,37782353,58701,74077922,206066,,175,,14
12/13/2016,39023,37821376,68858,74146780,206090,,299,,21
12/14/2016,37799,37859175,71798,74218578,206130,,257,,16
12/15/2016,25002,37884177,45840,74264418,206145,,80,,13
12/16/2016,24484,37908661,48288,74312706,206171,,139,,11
12/17/2016,6993,37915654,22363,74335069,206176,,36,,7
12/18/2016,16295,37931949,38459,74373528,206200,,168,,14
12/19/2016,25648,37957597,50405,74423933,206225,,119,,12
12/20/2016,27677,37985274,50408,74474341,206250,,202,,22
12/21/2016,30611,38015885,55746,74530087,206270,,244,,20
12/22/2016,30874,38046759,56441,74586528,206293,,302,,18
12/23/2016,26335,38073094,53318,74639846,206320,,399,,27
12/24/2016,8014,38081108,28033,74667879,206334,,147,,10
12/25/2016,9919,38091027,38209,74706088,206369,,1052,,43
12/26/2016,10774,38101801,32446,74738534,206400,,315,,27
12/27/2016,25946,38127747,61379,74799913,206450,,960,,68
12/28/2016,23596,38151343,52937,74852850,206476,,619,,38
12/29/2016,13202,38164545,29631,74882481,206503,,104,,8
12/30/2016,21366,38185911,45743,74928224,206543,,641,,49
12/31/2016,15925,38201836,46810,74975034,206585,,798,,33
1/1/2017,16009,,50761,,206624,,1237,,33
1/2/2017,8921,,21545,,206675,,142,,15
1/3/2017,14198,,25879,,206728,,42,,15
1/4/2017,34039,,69966,,206778,,475,,29
1/5/2017,28393,,52446,,206845,,214,,17
1/6/2017,24177,,48964,,206879,,157,,17
1/7/2017,4425,,23556,,206892,,21,,4
1/8/2017,6417,,22756,,206907,,27,,2
1/9/2017,15856,,35209,,206933,,30,,2
1/10/2017,23232,,46216,,206955,,67,,12
1/11/2017,32419,,63099,,206981,,208,,37
1/12/2017,39783,,84763,,207021,,479,,30
1/13/2017,33611,,75847,,207059,,373,,43
1/14/2017,13819,,43090,,207087,,252,,33
1/15/2017,17384,,50738,,207120,,476,,19
1/16/2017,24110,,51664,,207163,,448,,30
1/17/2017,18646,,40697,,207198,,63,,15
1/18/2017,30857,,57978,,207224,,146,,17
1/19/2017,36561,,72077,,207262,,391,,27
1/20/2017,26752,,56479,,207288,,184,,19
1/21/2017,26610,,64662,,207336,,957,,31
1/22/2017,20523,,49368,,207368,,520,,25
1/23/2017,15822,,37687,,207399,,54,,20
1/24/2017,13171,,35619,,207414,,28,,5
1/25/2017,36931,,71418,,207453,,301,,29
1/26/2017,33002,,63750,,207501,,223,,28
1/27/2017,32394,,70189,,207540,,231,,23
1/28/2017,21302,,53955,,207567,,402,,25
1/29/2017,22527,,62854,,207620,,585,,26
1/30/2017,29616,,59975,,207673,,163,,32
1/31/2017,25169,,48684,,207706,,62,,19
2/1/2017,35221,,77639,,207749,,194,,22
2/2/2017,34517,,70727,,207793,,216,,27
2/3/2017,29632,,64701,,207825,,181,,32
2/4/2017,19204,,45120,,207861,,413,,14
2/5/2017,20059,,50532,,207890,,337,,19
2/6/2017,33415,,72513,,207930,,305,,49
2/7/2017,23053,,57760,,207962,,54,,17
2/8/2017,40428,,90430,,208011,,483,,32
2/9/2017,0,,0,,208018,,0,,0
2/10/2017,1997,,8344,,208030,,15,,1
2/11/2017,8959,,26272,,208037,,170,,13
2/12/2017,5801,,26468,,208054,,26,,5
2/13/2017,23857,,58710,,208076,,72,,18
2/14/2017,29668,,78530,,208099,,154,,16
2/15/2017,32052,,72383,,208137,,170,,30
2/16/2017,29120,,63551,,208163,,104,,16
2/17/2017,28735,,67530,,208200,,247,,37
2/18/2017,30571,,99126,,208258,,2078,,114
2/19/2017,36963,,125166,,208347,,3746,,122
2/20/2017,32292,,91412,,208436,,1512,,75
2/21/2017,32643,,84767,,208516,,308,,48
2/22/2017,38119,,90651,,208594,,439,,36
2/23/2017,42434,,98554,,208658,,828,,88
2/24/2017,47031,,117155,,208767,,1534,,119
2/25/2017,33345,,104309,,208886,,2035,,77
2/26/2017,24713,,75196,,208966,,849,,33
2/27/2017,35984,,80194,,209035,,388,,42
2/28/2017,41835,,92642,,209119,,504,,60
3/1/2017,40592,,85944,,209229,,393,,51
3/2/2017,35739,,73839,,209310,,320,,44
3/3/2017,31105,,68702,,209370,,292,,39
3/4/2017,15646,,43108,,209404,,252,,14
3/5/2017,15919,,50924,,209451,,312,,22
3/6/2017,32467,,72776,,209536,,321,,39
3/7/2017,29683,,63654,,209587,,181,,29
3/8/2017,43470,,101573,,209656,,694,,55
3/9/2017,45251,,99450,,209728,,764,,34
3/10/2017,18412,,41971,,209758,,95,,15
3/11/2017,15185,,48379,,209781,,183,,27
3/12/2017,13442,,38114,,209799,,167,,9
3/13/2017,27417,,58768,,209827,,205,,14
3/14/2017,0,,0,,209843,,0,,0
3/15/2017,0,,0,,209859,,0,,0
3/16/2017,0,,0,,209870,,0,,0
3/17/2017,7098,,25393,,209888,,151,,15
3/18/2017,4106,,17446,,209910,,93,,6
3/19/2017,10550,,33344,,209943,,339,,21
3/20/2017,27378,,60363,,210002,,288,,21
3/21/2017,36824,,78104,,210073,,479,,47
3/22/2017,26927,,55713,,210121,,140,,15
3/23/2017,29885,,74345,,210160,,291,,25
3/24/2017,34019,,82681,,210199,,485,,39
3/25/2017,29647,,86293,,210267,,1721,,60
3/26/2017,19893,,55139,,210318,,546,,30
3/27/2017,26301,,59614,,210388,,318,,40
3/28/2017,21590,,46003,,210448,,91,,20
3/29/2017,42430,,91525,,210559,,830,,97
3/30/2017,39746,,91041,,210623,,669,,61
3/31/2017,6946,,23462,,210670,,20,,5
4/1/2017,23849,,67299,,210739,,767,,43
4/2/2017,39779,,130087,,210915,,3639,,58
4/3/2017,43484,,104217,,211075,,970,,68
4/4/2017,29990,,63091,,211171,,183,,23
4/5/2017,47635,,108281,,211310,,1192,,59
4/6/2017,18020,,44411,,211362,,67,,12
4/7/2017,35779,,81358,,211440,,456,,43
4/8/2017,35936,,108886,,211589,,2719,,83
4/9/2017,43895,,137240,,211806,,4390,,114
4/10/2017,50422,,124356,,212050,,2164,,139
4/11/2017,57309,,150222,,212298,,2699,,135
4/12/2017,51188,,113959,,212484,,1493,,108
4/13/2017,52915,,131228,,212648,,2388,,129
4/14/2017,52230,,149382,,212812,,3451,,273
4/15/2017,42531,,134526,,212950,,3981,,235
4/16/2017,48137,,157912,,213172,,6143,,361
4/17/2017,53247,,127619,,213385,,2019,,234
4/18/2017,53809,,126129,,213580,,1624,,194
4/19/2017,45788,,97587,,213703,,738,,55
4/20/2017,44260,,108427,,213819,,1065,,172
4/21/2017,39868,,92348,,213913,,1194,,129
4/22/2017,34596,,101444,,214028,,5173,,102
4/23/2017,49106,,142563,,214278,,4541,,420
4/24/2017,48692,,103241,,214462,,1143,,123
4/25/2017,20332,,47829,,214552,,201,,36
4/26/2017,37727,,81859,,214654,,595,,109
4/27/2017,52035,,122394,,214793,,1412,,266
4/28/2017,62199,,163665,,214965,,2963,,458
4/29/2017,57701,,180290,,215219,,5699,,562
4/30/2017,42928,,125305,,215455,,2921,,340
5/1/2017,56218,,136675,,215724,,1813,,311
5/2/2017,61205,,142585,,216017,,1827,,309
5/3/2017,59251,,141936,,216239,,1537,,247
5/4/2017,57428,,144583,,216436,,1626,,239
5/5/2017,24009,,58278,,216535,,355,,52
5/6/2017,46616,,127879,,216768,,3349,,363
5/7/2017,34293,,90625,,216928,,1921,,196
5/8/2017,51553,,114260,,217147,,1230,,253
5/9/2017,56461,,118257,,217341,,1179,,199
5/10/2017,58452,,136080,,217512,,1362,,225
5/11/2017,57208,,135699,,217673,,1313,,205
5/12/2017,56671,,132477,,217840,,1784,,189
5/13/2017,5704,,28193,,217905,,117,,0
5/14/2017,38729,,114819,,218120,,2664,,222
5/15/2017,54715,,129870,,218356,,1279,,185
5/16/2017,64504,,157411,,218690,,1850,,283
5/17/2017,65791,,153500,,219023,,1864,,241
5/18/2017,63753,,149837,,219304,,1929,,270
5/19/2017,62143,,145832,,219564,,2310,,275
5/20/2017,47858,,135405,,219776,,3486,,251
5/21/2017,54873,,160019,,220097,,4903,,287
5/22/2017,24627,,61049,,220269,,218,,22
5/23/2017,60024,,139680,,220513,,1579,,224
5/24/2017,60621,,135482,,220735,,1558,,153
5/25/2017,17494,,50743,,220840,,143,,27
5/26/2017,53763,,133402,,221049,,2224,,306
5/27/2017,46533,,145924,,221271,,4590,,511
5/28/2017,46724,,151063,,221515,,5229,,374
5/29/2017,26321,,75825,,221745,,1149,,77
5/30/2017,50192,,114629,,222057,,962,,204
5/31/2017,59494,,142097,,222764,,1596,,197
6/1/2017,67404,,163063,,222977,,1957,,289
6/2/2017,66905,,157299,,223162,,2315,,357
6/3/2017,56263,,155712,,223356,,4627,,356
6/4/2017,40138,,100571,,223520,,2270,,103
6/5/2017,55882,,123795,,223719,,1286,,204
6/6/2017,41268,,86679,,223834,,523,,89
6/7/2017,64452,,149853,,223969,,1536,,258
6/8/2017,62652,,132716,,224131,,1631,,266
6/9/2017,66504,,156787,,224289,,2513,,313
6/10/2017,57086,,150903,,224455,,4764,,296
6/11/2017,51427,,140711,,224654,,3941,,179
6/12/2017,57870,,133564,,224889,,1561,,201
6/13/2017,60920,,129444,,225078,,1407,,179
6/14/2017,60510,,137988,,225231,,1573,,218
6/15/2017,64761,,144513,,225430,,1885,,227
6/16/2017,56401,,128201,,225556,,1507,,177
6/17/2017,34899,,83755,,225683,,2243,,209
6/18/2017,49469,,138414,,225864,,3730,,295
6/19/2017,38308,,88057,,226025,,878,,158
6/20/2017,64670,,146794,,226220,,1781,,215
6/21/2017,67215,,154525,,226394,,1666,,258
6/22/2017,66304,,158453,,226589,,1818,,260
6/23/2017,55321,,129797,,226695,,1585,,205
6/24/2017,52150,,141282,,226849,,4277,,314
6/25/2017,54645,,158625,,227015,,4527,,256
6/26/2017,62661,,145321,,227211,,2024,,297
6/27/2017,64762,,151112,,227418,,1697,,229
6/28/2017,67740,,159263,,227679,,1893,,208
6/29/2017,64260,,146419,,227855,,1703,,210
6/30/2017,58660,,132583,,228047,,2024,,293
7/1/2017,36737,,107126,,228157,,2828,,372
7/2/2017,43035,,128397,,228306,,4314,,458
7/3/2017,48193,,130240,,228473,,3243,,316
7/4/2017,49924,,146441,,228669,,4929,,315
7/5/2017,60321,,149487,,228908,,1886,,267
7/6/2017,62147,,140767,,229085,,1646,,264
7/7/2017,44068,,103656,,229241,,1283,,216
7/8/2017,55015,,146438,,229453,,4138,,333
7/9/2017,57118,,159914,,229680,,4471,,340
7/10/2017,60908,,141463,,229933,,1546,,359
7/11/2017,61670,,141463,,230159,,1269,,227
7/12/2017,61786,,132874,,230336,,1376,,179
7/13/2017,56475,,126527,,230514,,1322,,180
7/14/2017,31851,,70477,,230610,,570,,101
7/15/2017,56499,,148067,,230772,,4761,,378
7/16/2017,56833,,153666,,230981,,4497,,308
7/17/2017,62555,,141323,,231225,,1675,,289
7/18/2017,66234,,144623,,231416,,1724,,243
7/19/2017,63916,,143277,,231603,,1617,,267
7/20/2017,59665,,131871,,231741,,1439,,229
7/21/2017,60074,,136330,,231882,,1929,,304
7/22/2017,48013,,124272,,232049,,3634,,332
7/23/2017,46945,,117035,,232212,,3164,,249
7/24/2017,43793,,104460,,232359,,989,,113
7/25/2017,65339,,148542,,232521,,1549,,285
7/26/2017,70329,,168603,,232674,,2054,,248
7/27/2017,65773,,144443,,232820,,1666,,214
7/28/2017,63911,,151514,,232984,,2293,,297
7/29/2017,52955,,132509,,233138,,4085,,324
7/30/2017,59364,,165423,,233360,,5214,,376
7/31/2017,64231,,153123,,233614,,1862,,263
8/1/2017,66676,,147654,,233824,,1813,,272
8/2/2017,56179,,122622,,233958,,3291,,139
8/3/2017,66144,,146858,,234160,,1849,,257
8/4/2017,56391,,128749,,234312,,2212,,325
8/5/2017,58966,,169511,,234524,,5299,,415
8/6/2017,56473,,161492,,234715,,4686,,292
8/7/2017,23395,,55927,,234851,,249,,34
8/8/2017,65228,,145901,,235084,,1738,,331
8/9/2017,67874,,170524,,235283,,1952,,300
8/10/2017,66245,,151415,,235457,,1834,,262
8/11/2017,63134,,147098,,235623,,2360,,358
8/12/2017,60531,,173581,,235890,,5409,,405
8/13/2017,57511,,162040,,236098,,4755,,337
8/14/2017,61460,,139535,,236328,,1816,,294
8/15/2017,52460,,105695,,236504,,948,,125
8/16/2017,68434,,159032,,236681,,1905,,251
8/17/2017,66654,,156810,,236872,,2087,,261
8/18/2017,36619,,90704,,236984,,840,,124
8/19/2017,62440,,186037,,237324,,5992,,461
8/20/2017,55438,,147379,,237518,,4218,,313
8/21/2017,61055,,138059,,237710,,1832,,277
8/22/2017,60541,,133409,,237878,,1477,,260
8/23/2017,65069,,141360,,238057,,1712,,219
8/24/2017,66306,,151449,,238257,,1820,,315
8/25/2017,64217,,156344,,238406,,2316,,325
8/26/2017,50111,,132832,,238546,,3621,,214
8/27/2017,54594,,145524,,238771,,4135,,278
8/28/2017,60885,,133126,,239016,,1616,,272
8/29/2017,35151,,67448,,239163,,424,,104
8/30/2017,65328,,147325,,239347,,1760,,309
8/31/2017,64881,,144852,,239519,,1727,,260
9/1/2017,54881,,129382,,239653,,1775,,294
9/2/2017,37810,,107949,,239785,,3359,,420
9/3/2017,30955,,83988,,239906,,2394,,175
9/4/2017,55284,,164623,,240126,,5298,,362
9/5/2017,65443,,140362,,240378,,1607,,265
9/6/2017,42318,,86395,,240541,,445,,90
9/7/2017,69571,,148669,,240750,,1542,,356
9/8/2017,69616,,154397,,240903,,1976,,322
9/9/2017,60187,,150847,,241108,,4196,,272
9/10/2017,60750,,154588,,241329,,4056,,301
9/11/2017,71964,,166177,,241563,,1992,,276
9/12/2017,74623,,161263,,241775,,1737,,238
9/13/2017,69616,,146802,,241991,,1471,,199
9/14/2017,72128,,150535,,242211,,1551,,244
9/15/2017,72361,,160138,,242393,,2088,,323
9/16/2017,61077,,156839,,242552,,4304,,297
9/17/2017,60003,,156834,,242748,,3869,,229
9/18/2017,64207,,138078,,242968,,1387,,190
9/19/2017,57977,,115451,,243128,,914,,146
9/20/2017,71222,,150377,,243309,,1385,,202
9/21/2017,67799,,152463,,243503,,1690,,191
9/22/2017,70192,,163114,,243715,,2315,,259
9/23/2017,62748,,165582,,243967,,4821,,322
9/24/2017,57503,,148926,,244277,,3681,,176
9/25/2017,69271,,156367,,244551,,1537,,258
9/26/2017,71566,,156779,,244809,,1359,,257
9/27/2017,69942,,147977,,245051,,1268,,200
9/28/2017,70951,,148394,,245299,,1490,,224
9/29/2017,67246,,141709,,245558,,1875,,288
9/30/2017,50200,,113613,,245923,,2694,,214
10/1/2017,55503,,139011,,246193,,3511,,235
10/2/2017,65509,,141748,,246402,,1408,,242
10/3/2017,69105,,135800,,246566,,1258,,194
10/4/2017,71453,,150324,,246742,,1377,,188
10/5/2017,70173,,150437,,246893,,1365,,251
10/6/2017,70249,,148395,,247025,,2104,,383
10/7/2017,63630,,153928,,247206,,4996,,356
10/8/2017,41039,,100790,,247336,,2233,,192
10/9/2017,38390,,78912,,247453,,594,,84
10/10/2017,74117,,155978,,247615,,2016,,312
10/11/2017,63587,,126748,,247767,,1146,,161
10/12/2017,61244,,123433,,247896,,1070,,169
10/13/2017,67016,,136608,,248038,,1768,,308
10/14/2017,58771,,142476,,248167,,3680,,347
10/15/2017,56529,,137364,,248382,,3381,,276
10/16/2017,61729,,125800,,248552,,997,,192
10/17/2017,64480,,122345,,248712,,1030,,170
10/18/2017,70233,,147842,,248878,,1202,,249
10/19/2017,72311,,143664,,249016,,1491,,274
10/20/2017,72174,,157255,,249162,,2246,,351
10/21/2017,65872,,169402,,249378,,5093,,276
10/22/2017,62148,,153444,,249596,,4596,,200
10/23/2017,69273,,143899,,249825,,1659,,279
10/24/2017,48077,,95599,,249930,,466,,82
10/25/2017,71284,,142007,,250090,,1133,,246
10/26/2017,64002,,123419,,250187,,973,,191
10/27/2017,69265,,139481,,250319,,1991,,352
10/28/2017,61345,,143571,,250499,,4306,,317
10/29/2017,9537,,20810,,250556,,213,,8
10/30/2017,49246,,95502,,250681,,771,,121
10/31/2017,60242,,115329,,250892,,1076,,166
11/1/2017,60772,,111304,,250975,,717,,125
11/2/2017,70810,,144455,,251060,,1485,,291
11/3/2017,71817,,147055,,251163,,2275,,335
11/4/2017,53433,,120119,,251269,,3086,,243
11/5/2017,34943,,76281,,251349,,1263,,80
11/6/2017,57606,,116318,,251433,,1052,,133
11/7/2017,36361,,69588,,251487,,643,,77
11/8/2017,54211,,107852,,251537,,597,,95
11/9/2017,58416,,113119,,251591,,837,,171
11/10/2017,38432,,74794,,251614,,425,,82
11/11/2017,28142,,55350,,251657,,832,,64
11/12/2017,32471,,73187,,251699,,1191,,62
11/13/2017,38752,,72112,,251751,,314,,47
11/14/2017,52278,,95328,,251802,,493,,59
11/15/2017,54230,,104590,,251842,,524,,70
11/16/2017,49737,,93532,,251884,,521,,74
11/17/2017,48989,,93476,,251928,,712,,74
11/18/2017,27745,,58136,,251965,,872,,53
11/19/2017,31597,,66078,,252008,,1020,,64
11/20/2017,45120,,85295,,252041,,501,,49
11/21/2017,52448,,95288,,252075,,960,,69
11/22/2017,32297,,69530,,252103,,458,,64
11/23/2017,13705,,32527,,252115,,806,,103
11/24/2017,23723,,64012,,252151,,1129,,95
11/25/2017,30510,,73542,,252184,,1995,,85
11/26/2017,27180,,60652,,252227,,904,,63
11/27/2017,46732,,99410,,252277,,553,,46
11/28/2017,51166,,97329,,252316,,455,,58
11/29/2017,55290,,107040,,252365,,638,,71
11/30/2017,51699,,97110,,252414,,509,,83
12/1/2017,50708,,99868,,252473,,695,,123
12/2/2017,38922,,83660,,252514,,1513,,100
12/3/2017,33728,,77915,,252561,,1037,,66
12/4/2017,49630,,92142,,252618,,649,,63
12/5/2017,41792,,85008,,252686,,381,,57
12/6/2017,46335,,87328,,252724,,368,,55
12/7/2017,45367,,94653,,252761,,427,,65
12/8/2017,41330,,81217,,252791,,443,,58
12/9/2017,10804,,20955,,252811,,112,,15
12/10/2017,19815,,43621,,252830,,287,,26
12/11/2017,41838,,81071,,252869,,456,,38
12/12/2017,42620,,88499,,252915,,262,,42
12/13/2017,32623,,60051,,252942,,155,,20
12/14/2017,27494,,49648,,252960,,134,,10
12/15/2017,22944,,41598,,252980,,130,,9
12/16/2017,19060,,38766,,252992,,240,,24
12/17/2017,22403,,49790,,253011,,343,,27
12/18/2017,40168,,79914,,253054,,409,,34
12/19/2017,49503,,97301,,253087,,541,,42
12/20/2017,41461,,78833,,253142,,422,,40
12/21/2017,37592,,70297,,253180,,386,,47
12/22/2017,34338,,62387,,253212,,506,,23
12/23/2017,9608,,24205,,253228,,112,,10
12/24/2017,13215,,37985,,253250,,492,,39
12/25/2017,6479,,26767,,253293,,439,,27
12/26/2017,14113,,32919,,253324,,220,,29
12/27/2017,16365,,31793,,253346,,234,,33
12/28/2017,13419,,34438,,253365,,121,,17
12/29/2017,13759,,29284,,253395,,177,,17
12/30/2017,5956,,13910,,253407,,53,,10
12/31/2017,6569,,18326,,253443,,94,,2
